class_id,modulus,residue,d,a,b,rule_modulus,covered_subclasses
1,120120,529,11,10,34,340,184
1,120120,529,47,4,184,184,120
1,120120,529,23,24,68,408,84
1,120120,529,31,56,68,952,84
1,120120,529,95,68,312,5304,84
1,120120,529,35,2,138,276,48
1,120120,529,71,8,276,552,48
1,120120,529,95,104,276,7176,48
1,120120,529,71,12,272,816,36
1,120120,529,87,161,187,120428,4
5,187867680,360889,11,6,38,228,74
5,187867680,360889,23,16,76,304,37
5,187867680,360889,19,2,74,148,32
1584,132070979040,3381979129,47,36,152,1368,1
1600,132070979040,6387862009,311,180,1064,47880,1
1603,132070979040,6951465049,47,36,152,1368,1
1622,132070979040,10520950969,47,36,152,1368,1
1628,132070979040,11648157049,23,18,74,1332,1
1641,132070979040,14090436889,47,36,152,1368,1
1657,132070979040,17096319769,311,180,1064,47880,1
1660,132070979040,17659922809,47,36,152,1368,1
1665,132070979040,18599261209,23,18,74,1332,1
1674,132070979040,20290070329,31,50,74,3700,1
1698,132070979040,24798894649,47,36,152,1368,1
1702,132070979040,25550365369,23,18,74,1332,1
1711,132070979040,27241174489,31,50,74,3700,1
1717,132070979040,28368380569,47,36,152,1368,1
1736,132070979040,31937866489,47,36,152,1368,1
1755,132070979040,35507352409,47,36,152,1368,1
1774,132070979040,39076838329,47,36,152,1368,1
1793,132070979040,42646324249,47,36,152,1368,1
1812,132070979040,46215810169,47,36,152,1368,1
1813,132070979040,46403677849,23,18,74,1332,1
1822,132070979040,48094486969,31,50,74,3700,1
1847,132070979040,52791178969,311,180,1064,47880,1
1850,132070979040,53354782009,23,18,74,1332,1
1850,132070979040,53354782009,47,36,152,1368,1
1859,132070979040,55045591129,31,50,74,3700,1
1869,132070979040,56924267929,47,36,152,1368,1
1887,132070979040,60305886169,23,18,74,1332,1
1888,132070979040,60493753849,47,36,152,1368,1
1896,132070979040,61996695289,31,50,74,3700,1
1907,132070979040,64063239769,47,36,152,1368,1
1924,132070979040,67256990329,23,18,74,1332,1
1926,132070979040,67632725689,47,36,152,1368,1
1945,132070979040,71202211609,47,36,152,1368,1
1961,132070979040,74208094489,23,18,74,1332,1
1964,132070979040,74771697529,47,36,152,1368,1
1983,132070979040,78341183449,47,36,152,1368,1
2002,132070979040,81910669369,47,36,152,1368,1
2007,132070979040,82850007769,31,50,74,3700,1
2021,132070979040,85480155289,47,36,152,1368,1
2035,132070979040,88110302809,23,18,74,1332,1
2040,132070979040,89049641209,47,36,152,1368,1
2044,132070979040,89801111929,31,50,74,3700,1
2059,132070979040,92619127129,47,36,152,1368,1
2072,132070979040,95061406969,23,18,74,1332,1
2075,132070979040,95625010009,311,180,1064,47880,1
2078,132070979040,96188613049,47,36,152,1368,1
2116,132070979040,103327584889,47,36,152,1368,1
2135,132070979040,106897070809,47,36,152,1368,1
2146,132070979040,108963615289,23,18,74,1332,1
2154,132070979040,110466556729,47,36,152,1368,1
2183,132070979040,115914719449,23,18,74,1332,1
2192,132070979040,117605528569,47,36,152,1368,1
2211,132070979040,121175014489,47,36,152,1368,1
2220,132070979040,122865823609,23,18,74,1332,1
2229,132070979040,124556632729,31,50,74,3700,1
2230,132070979040,124744500409,47,36,152,1368,1
2249,132070979040,128313986329,47,36,152,1368,1
2257,132070979040,129816927769,23,18,74,1332,1
2266,132070979040,131507736889,31,50,74,3700,1
2268,132070979040,131883472249,47,36,152,1368,1
7,187867680,601129,39,4,152,152,114
7,187867680,601129,11,6,38,228,57
7,187867680,601129,23,16,76,304,57
7,187867680,601129,47,36,152,1368,19
2713,203460697440,46779653449,311,28,1216,8512,1
2823,203460697440,67445098249,131,11,513,22572,1
3055,203460697440,111030400009,311,28,1216,8512,1
3450,203460697440,185238133609,131,11,513,22572,1
3454,203460697440,185989604329,311,28,1216,8512,1
12,187867680,1201729,31,8,116,232,82
12,187867680,1201729,11,3,41,492,54
12,187867680,1201729,43,29,143,16588,39
12,187867680,1201729,47,24,164,984,26
12,187867680,1201729,95,52,328,4264,26
12,187867680,1201729,71,120,164,4920,26
12,187867680,1201729,35,17,123,8364,26
3563,223374671520,752672449,47,72,116,2088,1
3650,223374671520,17097160609,47,72,116,2088,1
3708,223374671520,27993486049,47,72,116,2088,1
3737,223374671520,33441648769,47,72,116,2088,1
3766,223374671520,38889811489,47,72,116,2088,1
3795,223374671520,44337974209,47,72,116,2088,1
3824,223374671520,49786136929,47,72,116,2088,1
3853,223374671520,55234299649,47,72,116,2088,1
3882,223374671520,60682462369,47,72,116,2088,1
3911,223374671520,66130625089,47,72,116,2088,1
3940,223374671520,71578787809,47,72,116,2088,1
3969,223374671520,77026950529,47,72,116,2088,1
3998,223374671520,82475113249,47,72,116,2088,1
4027,223374671520,87923275969,47,72,116,2088,1
4085,223374671520,98819601409,47,72,116,2088,1
4143,223374671520,109715926849,47,72,116,2088,1
4172,223374671520,115164089569,47,72,116,2088,1
4201,223374671520,120612252289,47,72,116,2088,1
4230,223374671520,126060415009,47,72,116,2088,1
4259,223374671520,131508577729,47,72,116,2088,1
4288,223374671520,136956740449,47,72,116,2088,1
4317,223374671520,142404903169,47,72,116,2088,1
4346,223374671520,147853065889,47,72,116,2088,1
4375,223374671520,153301228609,47,72,116,2088,1
4404,223374671520,158749391329,47,72,116,2088,1
4433,223374671520,164197554049,47,72,116,2088,1
4491,223374671520,175093879489,47,72,116,2088,1
4520,223374671520,180542042209,47,72,116,2088,1
4578,223374671520,191438367649,47,72,116,2088,1
4607,223374671520,196886530369,47,72,116,2088,1
4636,223374671520,202334693089,47,72,116,2088,1
4665,223374671520,207782855809,47,72,116,2088,1
4694,223374671520,213231018529,47,72,116,2088,1
4723,223374671520,218679181249,47,72,116,2088,1
14,187867680,1441969,39,4,152,152,114
14,187867680,1441969,11,6,38,228,57
14,187867680,1441969,47,36,152,1368,19
4877,203460697440,5073869329,111,64,380,6080,1
4878,203460697440,5261737009,23,38,54,2052,1
4935,203460697440,15970194769,23,38,54,2052,1
4991,203460697440,26490784849,111,64,380,6080,1
4992,203460697440,26678652529,23,38,54,2052,1
5049,203460697440,37387110289,23,38,54,2052,1
5143,203460697440,55046672209,111,64,380,6080,1
5163,203460697440,58804025809,23,38,54,2052,1
5219,203460697440,69324615889,111,64,380,6080,1
5220,203460697440,69512483569,23,38,54,2052,1
5238,203460697440,72894101809,111,64,380,6080,1
5277,203460697440,80220941329,23,38,54,2052,1
5314,203460697440,87172045489,111,64,380,6080,1
5333,203460697440,90741531409,111,64,380,6080,1
5334,203460697440,90929399089,23,38,54,2052,1
5371,203460697440,97880503249,111,64,380,6080,1
5390,203460697440,101449989169,111,64,380,6080,1
5391,203460697440,101637856849,23,38,54,2052,1
5409,203460697440,105019475089,111,64,380,6080,1
5428,203460697440,108588961009,111,64,380,6080,1
5448,203460697440,112346314609,23,38,54,2052,1
5505,203460697440,123054772369,23,38,54,2052,1
5599,203460697440,140714334289,111,64,380,6080,1
5619,203460697440,144471687889,23,38,54,2052,1
5676,203460697440,155180145649,23,38,54,2052,1
5694,203460697440,158561763889,111,64,380,6080,1
5713,203460697440,162131249809,111,64,380,6080,1
5731,203460697440,165512868049,719,68,2808,47736,1
5732,203460697440,165700735729,111,64,380,6080,1
5770,203460697440,172839707569,111,64,380,6080,1
5789,203460697440,176409193489,111,64,380,6080,1
5790,203460697440,176597061169,23,38,54,2052,1
5884,203460697440,194256623089,111,64,380,6080,1
5904,203460697440,198013976689,23,38,54,2052,1
5922,203460697440,201395594929,111,64,380,6080,1
16,187867680,1682209,39,4,152,152,58
16,187867680,1682209,31,8,116,232,34
6025,103515091680,1128888289,47,72,116,2088,1
6571,310545275040,104643979969,131,11,513,22572,1
6032,103515091680,2443962049,47,36,152,1368,1
6033,103515091680,2631829729,111,19,425,32300,1
6051,103515091680,6013447969,47,36,152,1368,1
6063,103515091680,8267860129,131,11,513,22572,1
6070,103515091680,9582933889,47,36,152,1368,1
6072,103515091680,9958669249,23,38,54,2052,1
6083,103515091680,12025213729,47,72,116,2088,1
6089,103515091680,13152419809,47,36,152,1368,1
6101,103515091680,15406831969,131,11,513,22572,1
6105,103515091680,16158302689,311,180,1064,47880,1
6110,103515091680,17097641089,23,38,54,2052,1
6112,103515091680,17473376449,47,72,116,2088,1
6127,103515091680,20291391649,47,36,152,1368,1
6139,103515091680,22545803809,131,11,513,22572,1
6141,103515091680,22921539169,47,72,116,2088,1
6146,103515091680,23860877569,47,36,152,1368,1
6148,103515091680,24236612929,23,38,54,2052,1
6165,103515091680,27430363489,47,36,152,1368,1
6170,103515091680,28369701889,47,72,116,2088,1
6177,103515091680,29684775649,191,300,464,34800,1
6184,103515091680,30999849409,47,36,152,1368,1
6186,103515091680,31375584769,23,38,54,2052,1
6203,103515091680,34569335329,47,36,152,1368,1
6204,103515091680,34757203009,111,19,425,32300,1
6222,103515091680,38138821249,47,36,152,1368,1
6223,103515091680,38326688929,111,19,425,32300,1
6228,103515091680,39266027329,47,72,116,2088,1
6241,103515091680,41708307169,47,36,152,1368,1
6242,103515091680,41896174849,111,19,425,32300,1
6243,103515091680,42084042529,23,38,54,2052,1
6257,103515091680,44714190049,47,72,116,2088,1
6260,103515091680,45277793089,47,36,152,1368,1
6279,103515091680,48847279009,47,36,152,1368,1
6281,103515091680,49223014369,23,38,54,2052,1
6293,103515091680,51477426529,191,300,464,34800,1
6299,103515091680,52604632609,111,19,425,32300,1
6315,103515091680,55610515489,47,72,116,2088,1
6317,103515091680,55986250849,47,36,152,1368,1
6318,103515091680,56174118529,111,19,425,32300,1
6319,103515091680,56361986209,23,38,54,2052,1
6344,103515091680,61058678209,47,72,116,2088,1
6348,103515091680,61810148929,131,11,513,22572,1
6355,103515091680,63125222689,47,36,152,1368,1
6357,103515091680,63500958049,23,38,54,2052,1
6373,103515091680,66506840929,47,72,116,2088,1
6374,103515091680,66694708609,47,36,152,1368,1
6375,103515091680,66882576289,111,19,425,32300,1
6390,103515091680,69700591489,311,180,1064,47880,1
6402,103515091680,71955003649,47,72,116,2088,1
6431,103515091680,77403166369,47,36,152,1368,1
6432,103515091680,77591034049,111,19,425,32300,1
6450,103515091680,80972652289,47,36,152,1368,1
6460,103515091680,82851329089,47,72,116,2088,1
6469,103515091680,84542138209,47,36,152,1368,1
6489,103515091680,88299491809,47,72,116,2088,1
6490,103515091680,88487359489,23,38,54,2052,1
6496,103515091680,89614565569,191,300,464,34800,1
6504,103515091680,91117507009,311,180,1064,47880,1
6507,103515091680,91681110049,47,36,152,1368,1
6518,103515091680,93747654529,47,72,116,2088,1
6519,103515091680,93935522209,131,11,513,22572,1
6526,103515091680,95250595969,47,36,152,1368,1
6542,103515091680,98256478849,143,108,464,12528,1
6545,103515091680,98820081889,47,36,152,1368,1
6547,103515091680,99195817249,47,72,116,2088,1
6881,310545275040,202710908929,23,38,54,2052,1
6564,103515091680,102389567809,47,36,152,1368,1
6565,103515091680,102577435489,111,19,425,32300,1
18,187867680,1922449,11,6,38,228,290
18,187867680,1922449,31,8,116,232,170
19,187867680,2042569,15,2,58,116,118
19,187867680,2042569,31,8,116,232,59
19,187867680,2042569,119,12,464,1392,59
19,187867680,2042569,11,15,29,1740,59
19,187867680,2042569,95,3,377,4524,59
19,187867680,2042569,43,29,143,16588,59
19,187867680,2042569,15,1,59,236,44
9671,321441600480,4135131529,47,72,116,2088,1
9700,321441600480,9583294249,47,72,116,2088,1
9729,321441600480,15031456969,47,72,116,2088,1
9758,321441600480,20479619689,47,72,116,2088,1
9787,321441600480,25927782409,47,72,116,2088,1
9816,321441600480,31375945129,47,72,116,2088,1
9845,321441600480,36824107849,47,72,116,2088,1
9874,321441600480,42272270569,47,72,116,2088,1
9903,321441600480,47720433289,47,72,116,2088,1
9932,321441600480,53168596009,47,72,116,2088,1
9961,321441600480,58616758729,47,72,116,2088,1
9990,321441600480,64064921449,47,72,116,2088,1
10019,321441600480,69513084169,47,72,116,2088,1
10048,321441600480,74961246889,47,72,116,2088,1
10077,321441600480,80409409609,47,72,116,2088,1
10106,321441600480,85857572329,47,72,116,2088,1
10135,321441600480,91305735049,47,72,116,2088,1
10164,321441600480,96753897769,47,72,116,2088,1
10193,321441600480,102202060489,47,72,116,2088,1
10251,321441600480,113098385929,47,72,116,2088,1
10280,321441600480,118546548649,47,72,116,2088,1
10309,321441600480,123994711369,47,72,116,2088,1
10338,321441600480,129442874089,47,72,116,2088,1
10367,321441600480,134891036809,47,72,116,2088,1
10396,321441600480,140339199529,47,72,116,2088,1
10425,321441600480,145787362249,47,72,116,2088,1
10454,321441600480,151235524969,47,72,116,2088,1
10483,321441600480,156683687689,47,72,116,2088,1
10512,321441600480,162131850409,47,72,116,2088,1
10541,321441600480,167580013129,47,72,116,2088,1
10570,321441600480,173028175849,47,72,116,2088,1
10599,321441600480,178476338569,47,72,116,2088,1
10628,321441600480,183924501289,47,72,116,2088,1
10657,321441600480,189372664009,47,72,116,2088,1
10686,321441600480,194820826729,47,72,116,2088,1
10715,321441600480,200268989449,47,72,116,2088,1
10744,321441600480,205717152169,47,72,116,2088,1
10773,321441600480,211165314889,47,72,116,2088,1
10860,321441600480,227509803049,47,72,116,2088,1
10889,321441600480,232957965769,47,72,116,2088,1
10947,321441600480,243854291209,47,72,116,2088,1
10976,321441600480,249302453929,47,72,116,2088,1
11005,321441600480,254750616649,47,72,116,2088,1
11034,321441600480,260198779369,47,72,116,2088,1
11063,321441600480,265646942089,47,72,116,2088,1
11092,321441600480,271095104809,47,72,116,2088,1
11121,321441600480,276543267529,47,72,116,2088,1
11150,321441600480,281991430249,47,72,116,2088,1
11179,321441600480,287439592969,47,72,116,2088,1
11208,321441600480,292887755689,47,72,116,2088,1
11295,321441600480,309232243849,47,72,116,2088,1
11324,321441600480,314680406569,47,72,116,2088,1
11353,321441600480,320128569289,47,72,116,2088,1
21,187867680,2282809,47,2,186,372,82
21,187867680,2282809,71,120,164,4920,58
21,187867680,2282809,39,32,124,992,39
21,187867680,2282809,95,8,372,744,39
21,187867680,2282809,71,124,160,4960,39
11760,238779821280,45278393689,263,396,656,64944,1
12308,238779821280,148229882329,143,14,558,7812,1
12401,238779821280,165701576569,143,14,558,7812,1
12468,238779821280,178288711129,431,248,1476,91512,1
12525,238779821280,188997168889,143,14,558,7812,1
12703,238779821280,222437615929,263,396,656,64944,1
12711,238779821280,223940557369,143,14,558,7812,1
22,187867680,2402929,39,4,152,152,58
22,187867680,2402929,15,2,58,116,34
22,187867680,2402929,11,15,29,1740,17
12820,103515091680,1693212049,47,72,116,2088,1
12823,103515091680,2256815089,47,36,152,1368,1
12842,103515091680,5826301009,47,36,152,1368,1
12844,103515091680,6202036369,23,38,54,2052,1
12878,103515091680,12589537489,47,72,116,2088,1
12880,103515091680,12965272849,47,36,152,1368,1
12882,103515091680,13341008209,23,38,54,2052,1
12907,103515091680,18037700209,47,72,116,2088,1
12918,103515091680,20104244689,47,36,152,1368,1
12936,103515091680,23485862929,47,72,116,2088,1
12937,103515091680,23673730609,47,36,152,1368,1
12939,103515091680,24049465969,23,38,54,2052,1
12965,103515091680,28934025649,47,72,116,2088,1
12994,103515091680,34382188369,47,36,152,1368,3
12994,103515091680,34382188369,395,14,1566,21924,1
13013,103515091680,37951674289,47,36,152,1368,1
13023,103515091680,39830351089,47,72,116,2088,1
13032,103515091680,41521160209,47,36,152,1368,1
13053,103515091680,45466381489,23,38,54,2052,1
13070,103515091680,48660132049,47,36,152,1368,1
13081,103515091680,50726676529,47,72,116,2088,1
13108,103515091680,55799103889,47,36,152,1368,1
13110,103515091680,56174839249,47,72,116,2088,3
13110,103515091680,56174839249,23,38,54,2052,1
13127,103515091680,59368589809,47,36,152,1368,1
13143,103515091680,62374472689,311,180,1064,47880,1
13146,103515091680,62938075729,47,36,152,1368,1
13148,103515091680,63313811089,23,38,54,2052,1
13165,103515091680,66507561649,47,36,152,1368,1
13184,103515091680,70077047569,47,36,152,1368,1
13186,103515091680,70452782929,23,38,54,2052,1
13190,103515091680,71204253649,251,29,975,113100,1
13197,103515091680,72519327409,47,72,116,2088,1
13504,310545275040,279549510769,395,14,1566,21924,1
13203,103515091680,73646533489,47,36,152,1368,1
13219,103515091680,76652416369,251,29,975,113100,1
13224,103515091680,77591754769,23,38,54,2052,1
13226,103515091680,77967490129,47,72,116,2088,1
13241,103515091680,80785505329,47,36,152,1368,1
13255,103515091680,83415652849,47,72,116,2088,1
13260,103515091680,84354991249,47,36,152,1368,1
13281,103515091680,88300212529,23,38,54,2052,1
13284,103515091680,88863815569,47,72,116,2088,1
13298,103515091680,91493963089,47,36,152,1368,1
13317,103515091680,95063449009,47,36,152,1368,1
13319,103515091680,95439184369,23,38,54,2052,1
13336,103515091680,98632934929,47,36,152,1368,1
13342,103515091680,99760141009,47,72,116,2088,1
13355,103515091680,102202420849,47,36,152,1368,1
13357,103515091680,102578156209,23,38,54,2052,1
24,187867680,2643169,15,2,58,116,62
24,187867680,2643169,47,2,186,372,54
24,187867680,2643169,11,15,29,1740,29
24,187867680,2643169,95,8,372,744,26
13589,168893044320,1317716929,71,36,248,2232,1
13614,168893044320,6014408929,251,29,975,113100,1
13621,168893044320,7329482689,47,72,116,2088,1
13628,168893044320,8644556449,191,300,464,34800,1
13651,168893044320,12965513089,71,36,248,2232,1
13682,168893044320,18789411169,71,36,248,2232,1
13713,168893044320,24613309249,71,36,248,2232,1
13737,168893044320,29122133569,47,72,116,2088,1
13744,168893044320,30437207329,71,36,248,2232,1
13766,168893044320,34570296289,47,72,116,2088,1
13775,168893044320,36261105409,71,36,248,2232,1
13795,168893044320,40018459009,47,72,116,2088,1
13802,168893044320,41333532769,191,300,464,34800,1
13806,168893044320,42085003489,71,36,248,2232,1
13824,168893044320,45466621729,47,72,116,2088,1
13837,168893044320,47908901569,71,36,248,2232,1
13853,168893044320,50914784449,47,72,116,2088,1
13868,168893044320,53732799649,71,36,248,2232,1
13882,168893044320,56362947169,47,72,116,2088,1
13899,168893044320,59556697729,71,36,248,2232,1
13911,168893044320,61811109889,47,72,116,2088,1
13930,168893044320,65380595809,71,36,248,2232,1
13940,168893044320,67259272609,47,72,116,2088,1
13957,168893044320,70453023169,287,32,1116,8928,1
13969,168893044320,72707435329,47,72,116,2088,1
13992,168893044320,77028391969,71,36,248,2232,1
13998,168893044320,78155598049,47,72,116,2088,1
14001,168893044320,78719201089,143,14,558,7812,1
14027,168893044320,83603760769,47,72,116,2088,1
14054,168893044320,88676188129,71,36,248,2232,1
14056,168893044320,89051923489,47,72,116,2088,1
14085,168893044320,94500086209,47,72,116,2088,1
14085,168893044320,94500086209,71,36,248,2232,1
14114,168893044320,99948248929,47,72,116,2088,1
14116,168893044320,100323984289,71,36,248,2232,1
14121,168893044320,101263322689,191,300,464,34800,1
14143,168893044320,105396411649,47,72,116,2088,1
14147,168893044320,106147882369,71,36,248,2232,1
14156,168893044320,107838691489,143,14,558,7812,1
14172,168893044320,110844574369,47,72,116,2088,1
14178,168893044320,111971780449,71,36,248,2232,1
14201,168893044320,116292737089,47,72,116,2088,1
14209,168893044320,117795678529,71,36,248,2232,1
14230,168893044320,121740899809,47,72,116,2088,1
14236,168893044320,122868105889,287,32,1116,8928,1
14259,168893044320,127189062529,47,72,116,2088,1
14288,168893044320,132637225249,47,72,116,2088,1
14302,168893044320,135267372769,71,36,248,2232,1
14317,168893044320,138085387969,47,72,116,2088,1
14333,168893044320,141091270849,71,36,248,2232,1
14339,168893044320,142218476929,251,29,975,113100,1
14346,168893044320,143533550689,47,72,116,2088,1
14353,168893044320,144848624449,191,300,464,34800,1
14364,168893044320,146915168929,71,36,248,2232,1
14368,168893044320,147666639649,251,29,975,113100,1
14375,168893044320,148981713409,47,72,116,2088,1
14404,168893044320,154429876129,47,72,116,2088,1
14426,168893044320,158562965089,71,36,248,2232,1
14433,168893044320,159878038849,47,72,116,2088,1
14457,168893044320,164386863169,71,36,248,2232,1
14462,168893044320,165326201569,47,72,116,2088,1
26,187867680,2883409,39,4,152,152,190
26,187867680,2883409,11,6,38,228,95
14738,339101162400,11838547249,111,64,380,6080,1
14776,339101162400,18977519089,111,64,380,6080,1
14814,339101162400,26116490929,111,64,380,6080,1
14833,339101162400,29685976849,111,64,380,6080,1
14852,339101162400,33255462769,111,64,380,6080,1
14890,339101162400,40394434609,111,64,380,6080,1
14928,339101162400,47533406449,111,64,380,6080,1
14985,339101162400,58241864209,111,64,380,6080,1
15061,339101162400,72519807889,111,64,380,6080,1
15080,339101162400,76089293809,111,64,380,6080,1
15099,339101162400,79658779729,111,64,380,6080,1
15118,339101162400,83228265649,111,64,380,6080,1
15194,339101162400,97506209329,111,64,380,6080,1
15327,339101162400,122492610769,111,64,380,6080,1
15403,339101162400,136770554449,111,64,380,6080,1
15422,339101162400,140340040369,111,64,380,6080,1
15441,339101162400,143909526289,111,64,380,6080,1
15536,339101162400,161756955889,111,64,380,6080,1
15688,339101162400,190312843249,111,64,380,6080,1
15726,339101162400,197451815089,111,64,380,6080,1
15783,339101162400,208160272849,111,64,380,6080,1
15973,339101162400,243855132049,111,64,380,6080,1
15992,339101162400,247424617969,111,64,380,6080,1
16258,339101162400,297397420849,111,64,380,6080,1
16315,339101162400,308105878609,111,64,380,6080,1
16353,339101162400,315244850449,111,64,380,6080,1
16391,339101162400,322383822289,111,64,380,6080,1
16448,339101162400,333092280049,111,64,380,6080,1
28,187867680,3123649,11,1,43,172,118
28,187867680,3123649,87,4,344,344,59
28,187867680,3123649,23,6,86,516,59
28,187867680,3123649,47,16,172,688,59
28,187867680,3123649,95,172,208,8944,59
29,187867680,3243769,39,4,152,152,62
29,187867680,3243769,95,8,372,744,34
29,187867680,3243769,71,124,160,4960,17
19077,110654063520,754714489,59,98,138,13524,1
19084,110654063520,2069788249,59,98,138,13524,1
19085,110654063520,2257655929,59,98,138,13524,1
19087,110654063520,2633391289,47,36,152,1368,1
19091,110654063520,3384862009,59,98,138,13524,1
19092,110654063520,3572729689,59,98,138,13524,1
19098,110654063520,4699935769,59,98,138,13524,1
19106,110654063520,6202877209,47,36,152,1368,1
19110,110654063520,6954347929,59,98,138,13524,1
19111,110654063520,7142215609,59,98,138,13524,1
19117,110654063520,8269421689,59,98,138,13524,1
19118,110654063520,8457289369,59,98,138,13524,1
19119,110654063520,8645157049,59,98,138,13524,1
19120,110654063520,8833024729,59,98,138,13524,1
19125,110654063520,9772363129,47,36,152,1368,1
19133,110654063520,11275304569,59,98,138,13524,1
19141,110654063520,12778246009,59,98,138,13524,1
19144,110654063520,13341849049,47,36,152,1368,1
19148,110654063520,14093319769,59,98,138,13524,1
19152,110654063520,14844790489,59,98,138,13524,1
19153,110654063520,15032658169,59,98,138,13524,1
19155,110654063520,15408393529,59,98,138,13524,1
19173,110654063520,18790011769,59,98,138,13524,1
19174,110654063520,18977879449,59,98,138,13524,1
19176,110654063520,19353614809,59,98,138,13524,1
19181,110654063520,20292953209,59,98,138,13524,1
19182,110654063520,20480820889,47,36,152,1368,1
19187,110654063520,21420159289,59,98,138,13524,1
19188,110654063520,21608026969,59,98,138,13524,1
19190,110654063520,21983762329,59,98,138,13524,1
19201,110654063520,24050306809,47,36,152,1368,1
19211,110654063520,25928983609,59,98,138,13524,1
19215,110654063520,26680454329,59,98,138,13524,1
19218,110654063520,27244057369,59,98,138,13524,1
19220,110654063520,27619792729,47,36,152,1368,1
19229,110654063520,29310601849,59,98,138,13524,1
19236,110654063520,30625675609,59,98,138,13524,1
19239,110654063520,31189278649,47,36,152,1368,1
19243,110654063520,31940749369,59,98,138,13524,1
19244,110654063520,32128617049,59,98,138,13524,1
19250,110654063520,33255823129,59,98,138,13524,1
19251,110654063520,33443690809,59,98,138,13524,1
19252,110654063520,33631558489,59,98,138,13524,1
19253,110654063520,33819426169,59,98,138,13524,1
19264,110654063520,35885970649,59,98,138,13524,1
19267,110654063520,36449573689,59,98,138,13524,1
19271,110654063520,37201044409,59,98,138,13524,1
19272,110654063520,37388912089,59,98,138,13524,1
19277,110654063520,38328250489,47,36,152,1368,1
19281,110654063520,39079721209,59,98,138,13524,1
19288,110654063520,40394794969,59,98,138,13524,1
19296,110654063520,41897736409,47,36,152,1368,1
19300,110654063520,42649207129,59,98,138,13524,1
19302,110654063520,43024942489,59,98,138,13524,1
19307,110654063520,43964280889,59,98,138,13524,1
19308,110654063520,44152148569,59,98,138,13524,1
19309,110654063520,44340016249,59,98,138,13524,1
19313,110654063520,45091486969,59,98,138,13524,1
19315,110654063520,45467222329,47,36,152,1368,1
19327,110654063520,47721634489,59,98,138,13524,1
19328,110654063520,47909502169,59,98,138,13524,1
19334,110654063520,49036708249,47,36,152,1368,1
19343,110654063520,50727517369,59,98,138,13524,1
19353,110654063520,52606194169,47,36,152,1368,1
19357,110654063520,53357664889,59,98,138,13524,1
19362,110654063520,54297003289,59,98,138,13524,1
19369,110654063520,55612077049,59,98,138,13524,1
19370,110654063520,55799944729,59,98,138,13524,1
19372,110654063520,56175680089,47,36,152,1368,1
19376,110654063520,56927150809,59,98,138,13524,1
19377,110654063520,57115018489,59,98,138,13524,1
19384,110654063520,58430092249,59,98,138,13524,1
19390,110654063520,59557298329,59,98,138,13524,1
19391,110654063520,59745166009,47,36,152,1368,1
19399,110654063520,61248107449,59,98,138,13524,1
19404,110654063520,62187445849,59,98,138,13524,1
19418,110654063520,64817593369,59,98,138,13524,1
19429,110654063520,66884137849,47,36,152,1368,1
19433,110654063520,67635608569,59,98,138,13524,1
19435,110654063520,68011343929,59,98,138,13524,1
19447,110654063520,70265756089,59,98,138,13524,1
19454,110654063520,71580829849,59,98,138,13524,1
19461,110654063520,72895903609,59,98,138,13524,1
19462,110654063520,73083771289,59,98,138,13524,1
19467,110654063520,74023109689,47,36,152,1368,1
19477,110654063520,75901786489,59,98,138,13524,1
19481,110654063520,76653257209,59,98,138,13524,1
19483,110654063520,77028992569,59,98,138,13524,1
19486,110654063520,77592595609,47,36,152,1368,1
19495,110654063520,79283404729,59,98,138,13524,1
19496,110654063520,79471272409,59,98,138,13524,1
19497,110654063520,79659140089,59,98,138,13524,1
19505,110654063520,81162081529,47,36,152,1368,1
19509,110654063520,81913552249,59,98,138,13524,1
19523,110654063520,84543699769,59,98,138,13524,1
19524,110654063520,84731567449,47,36,152,1368,1
19532,110654063520,86234508889,59,98,138,13524,1
19540,110654063520,87737450329,59,98,138,13524,1
19543,110654063520,88301053369,47,36,152,1368,1
19547,110654063520,89052524089,59,98,138,13524,1
19551,110654063520,89803994809,59,98,138,13524,1
19552,110654063520,89991862489,59,98,138,13524,1
19560,110654063520,91494803929,59,98,138,13524,1
19561,110654063520,91682671609,59,98,138,13524,1
19562,110654063520,91870539289,47,36,152,1368,1
19573,110654063520,93937083769,59,98,138,13524,1
19574,110654063520,94124951449,59,98,138,13524,1
19579,110654063520,95064289849,59,98,138,13524,1
19581,110654063520,95440025209,47,36,152,1368,1
19586,110654063520,96379363609,59,98,138,13524,1
19589,110654063520,96942966649,231,124,800,24800,1
19594,110654063520,97882305049,59,98,138,13524,1
19608,110654063520,100512452569,59,98,138,13524,1
19610,110654063520,100888187929,59,98,138,13524,1
19614,110654063520,101639658649,59,98,138,13524,1
19616,110654063520,102015394009,59,98,138,13524,1
19617,110654063520,102203261689,59,98,138,13524,1
19619,110654063520,102578997049,47,36,152,1368,1
19624,110654063520,103518335449,59,98,138,13524,1
19636,110654063520,105772747609,59,98,138,13524,1
19637,110654063520,105960615289,59,98,138,13524,1
19638,110654063520,106148482969,47,36,152,1368,1
19642,110654063520,106899953689,59,98,138,13524,1
19643,110654063520,107087821369,59,98,138,13524,1
19644,110654063520,107275689049,59,98,138,13524,1
19649,110654063520,108215027449,59,98,138,13524,1
19650,110654063520,108402895129,59,98,138,13524,1
19651,110654063520,108590762809,59,98,138,13524,1
19656,110654063520,109530101209,59,98,138,13524,1
30,187867680,3363889,11,6,38,228,82
30,187867680,3363889,95,52,328,4264,34
20480,146348922720,3197114449,47,36,152,1368,1
20499,146348922720,6766600369,47,36,152,1368,1
20518,146348922720,10336086289,47,36,152,1368,1
20537,146348922720,13905572209,47,36,152,1368,1
20556,146348922720,17475058129,47,36,152,1368,1
20575,146348922720,21044544049,47,36,152,1368,1
20576,146348922720,21232411729,111,64,380,6080,1
20594,146348922720,24614029969,47,36,152,1368,1
20613,146348922720,28183515889,47,36,152,1368,1
20614,146348922720,28371383569,111,64,380,6080,1
20632,146348922720,31753001809,47,36,152,1368,1
20651,146348922720,35322487729,47,36,152,1368,1
20652,146348922720,35510355409,111,64,380,6080,1
20670,146348922720,38891973649,47,36,152,1368,1
20689,146348922720,42461459569,47,36,152,1368,1
20690,146348922720,42649327249,111,64,380,6080,1
20708,146348922720,46030945489,47,36,152,1368,1
20746,146348922720,53169917329,47,36,152,1368,1
20747,146348922720,53357785009,111,64,380,6080,1
20765,146348922720,56739403249,47,36,152,1368,1
20784,146348922720,60308889169,47,36,152,1368,1
20803,146348922720,63878375089,47,36,152,1368,1
20822,146348922720,67447861009,47,36,152,1368,1
20841,146348922720,71017346929,47,36,152,1368,1
20860,146348922720,74586832849,47,36,152,1368,1
20879,146348922720,78156318769,47,36,152,1368,1
20936,146348922720,88864776529,47,36,152,1368,1
20955,146348922720,92434262449,47,36,152,1368,1
20956,146348922720,92622130129,111,64,380,6080,1
20993,146348922720,99573234289,47,36,152,1368,1
21012,146348922720,103142720209,47,36,152,1368,1
21032,146348922720,106900073809,111,64,380,6080,1
21050,146348922720,110281692049,47,36,152,1368,1
21069,146348922720,113851177969,47,36,152,1368,1
21088,146348922720,117420663889,47,36,152,1368,1
21107,146348922720,120990149809,47,36,152,1368,1
21126,146348922720,124559635729,47,36,152,1368,1
21145,146348922720,128129121649,47,36,152,1368,1
21164,146348922720,131698607569,47,36,152,1368,1
21165,146348922720,131886475249,111,64,380,6080,1
21183,146348922720,135268093489,47,36,152,1368,1
21184,146348922720,135455961169,111,64,380,6080,1
21202,146348922720,138837579409,47,36,152,1368,1
21203,146348922720,139025447089,111,64,380,6080,1
21218,146348922720,141843462289,311,180,1064,47880,1
21221,146348922720,142407065329,47,36,152,1368,1
31,187867680,3484009,15,1,59,236,58
31,187867680,3484009,119,4,472,472,29
31,187867680,3484009,71,48,236,2832,29
31,187867680,3484009,95,26,354,9204,29
31,187867680,3484009,51,59,145,34220,2
21398,321441600480,5263779049,47,72,116,2088,1
21398,321441600480,5263779049,215,32,828,6624,1
21403,321441600480,6203117449,215,32,828,6624,1
21405,321441600480,6578852809,215,32,828,6624,1
21425,321441600480,10336206409,215,32,828,6624,1
21427,321441600480,10711941769,215,32,828,6624,1
21427,321441600480,10711941769,47,72,116,2088,1
21436,321441600480,12402750889,215,32,828,6624,1
21440,321441600480,13154221609,215,32,828,6624,1
21456,321441600480,16160104489,47,72,116,2088,1
21471,321441600480,18978119689,215,32,828,6624,1
21485,321441600480,21608267209,47,72,116,2088,1
21514,321441600480,27056429929,47,72,116,2088,1
21522,321441600480,28559371369,215,32,828,6624,1
21527,321441600480,29498709769,215,32,828,6624,1
21528,321441600480,29686577449,215,32,828,6624,1
21529,321441600480,29874445129,215,32,828,6624,1
21543,321441600480,32504592649,47,72,116,2088,1
21545,321441600480,32880328009,215,32,828,6624,1
21560,321441600480,35698343209,215,32,828,6624,1
21572,321441600480,37952755369,47,72,116,2088,1
21585,321441600480,40395035209,215,32,828,6624,1
21587,321441600480,40770770569,215,32,828,6624,1
21601,321441600480,43400918089,215,32,828,6624,1
21601,321441600480,43400918089,47,72,116,2088,1
21615,321441600480,46031065609,215,32,828,6624,1
21630,321441600480,48849080809,47,72,116,2088,1
21632,321441600480,49224816169,215,32,828,6624,1
21633,321441600480,49412683849,215,32,828,6624,1
21641,321441600480,50915625289,215,32,828,6624,1
21647,321441600480,52042831369,215,32,828,6624,1
21654,321441600480,53357905129,215,32,828,6624,1
21659,321441600480,54297243529,47,72,116,2088,1
21676,321441600480,57490994089,215,32,828,6624,1
21688,321441600480,59745406249,215,32,828,6624,1
21688,321441600480,59745406249,47,72,116,2088,1
21690,321441600480,60121141609,215,32,828,6624,1
21717,321441600480,65193568969,47,72,116,2088,1
21717,321441600480,65193568969,215,32,828,6624,1
21732,321441600480,68011584169,215,32,828,6624,1
21746,321441600480,70641731689,47,72,116,2088,1
21747,321441600480,70829599369,215,32,828,6624,1
21759,321441600480,73084011529,215,32,828,6624,1
21760,321441600480,73271879209,215,32,828,6624,1
21775,321441600480,76089894409,47,72,116,2088,1
21804,321441600480,81538057129,47,72,116,2088,1
21805,321441600480,81725924809,215,32,828,6624,1
21810,321441600480,82665263209,215,32,828,6624,1
21812,321441600480,83040998569,215,32,828,6624,1
21831,321441600480,86610484489,215,32,828,6624,1
21833,321441600480,86986219849,47,72,116,2088,1
21840,321441600480,88301293609,215,32,828,6624,1
21844,321441600480,89052764329,215,32,828,6624,1
21850,321441600480,90179970409,215,32,828,6624,1
21862,321441600480,92434382569,47,72,116,2088,1
21863,321441600480,92622250249,215,32,828,6624,1
21877,321441600480,95252397769,215,32,828,6624,1
21889,321441600480,97506809929,215,32,828,6624,1
21891,321441600480,97882545289,47,72,116,2088,1
21895,321441600480,98634016009,215,32,828,6624,1
21898,321441600480,99197619049,215,32,828,6624,1
21900,321441600480,99573354409,215,32,828,6624,1
21920,321441600480,103330708009,47,72,116,2088,1
21943,321441600480,107651664649,215,32,828,6624,1
21949,321441600480,108778870729,47,72,116,2088,1
21963,321441600480,111409018249,215,32,828,6624,1
21989,321441600480,116293577929,215,32,828,6624,1
22004,321441600480,119111593129,215,32,828,6624,1
22007,321441600480,119675196169,47,72,116,2088,1
22015,321441600480,121178137609,215,32,828,6624,1
22020,321441600480,122117476009,215,32,828,6624,1
22036,321441600480,125123358889,47,72,116,2088,1
22062,321441600480,130007918569,215,32,828,6624,1
22065,321441600480,130571521609,47,72,116,2088,1
22068,321441600480,131135124649,215,32,828,6624,1
22072,321441600480,131886595369,215,32,828,6624,1
22094,321441600480,136019684329,47,72,116,2088,1
22123,321441600480,141467847049,47,72,116,2088,1
22126,321441600480,142031450089,215,32,828,6624,1
22132,321441600480,143158656169,215,32,828,6624,1
22146,321441600480,145788803689,215,32,828,6624,1
22152,321441600480,146916009769,47,72,116,2088,1
22165,321441600480,149358289609,215,32,828,6624,1
22181,321441600480,152364172489,47,72,116,2088,1
22198,321441600480,155557923049,215,32,828,6624,1
22211,321441600480,158000202889,215,32,828,6624,1
22216,321441600480,158939541289,215,32,828,6624,1
22218,321441600480,159315276649,215,32,828,6624,1
22239,321441600480,163260497929,47,72,116,2088,1
22268,321441600480,168708660649,47,72,116,2088,1
22297,321441600480,174156823369,47,72,116,2088,1
22301,321441600480,174908294089,215,32,828,6624,1
22304,321441600480,175471897129,215,32,828,6624,1
22326,321441600480,179604986089,47,72,116,2088,1
22337,321441600480,181671530569,215,32,828,6624,1
22355,321441600480,185053148809,47,72,116,2088,1
22371,321441600480,188059031689,215,32,828,6624,1
22374,321441600480,188622634729,215,32,828,6624,1
22384,321441600480,190501311529,47,72,116,2088,1
22385,321441600480,190689179209,215,32,828,6624,1
22390,321441600480,191628517609,215,32,828,6624,1
22413,321441600480,195949474249,47,72,116,2088,1
22428,321441600480,198767489449,215,32,828,6624,1
22429,321441600480,198955357129,215,32,828,6624,1
22430,321441600480,199143224809,215,32,828,6624,1
22442,321441600480,201397636969,47,72,116,2088,1
22444,321441600480,201773372329,215,32,828,6624,1
22445,321441600480,201961240009,215,32,828,6624,1
22471,321441600480,206845799689,47,72,116,2088,1
22482,321441600480,208912344169,215,32,828,6624,1
22500,321441600480,212293962409,47,72,116,2088,1
22508,321441600480,213796903849,215,32,828,6624,1
22514,321441600480,214924109929,215,32,828,6624,1
22516,321441600480,215299845289,215,32,828,6624,1
22517,321441600480,215487712969,215,32,828,6624,1
22529,321441600480,217742125129,47,72,116,2088,1
22538,321441600480,219432934249,215,32,828,6624,1
22558,321441600480,223190287849,47,72,116,2088,1
22584,321441600480,228074847529,215,32,828,6624,1
22614,321441600480,233710877929,215,32,828,6624,1
22616,321441600480,234086613289,47,72,116,2088,1
22617,321441600480,234274480969,215,32,828,6624,1
22633,321441600480,237280363849,215,32,828,6624,1
22645,321441600480,239534776009,47,72,116,2088,1
22647,321441600480,239910511369,215,32,828,6624,1
22649,321441600480,240286246729,215,32,828,6624,1
22669,321441600480,244043600329,215,32,828,6624,1
22672,321441600480,244607203369,215,32,828,6624,1
22683,321441600480,246673747849,215,32,828,6624,1
22696,321441600480,249116027689,215,32,828,6624,1
22697,321441600480,249303895369,215,32,828,6624,1
22703,321441600480,250431101449,47,72,116,2088,1
22706,321441600480,250994704489,215,32,828,6624,1
22732,321441600480,255879264169,47,72,116,2088,1
22736,321441600480,256630734889,215,32,828,6624,1
22737,321441600480,256818602569,215,32,828,6624,1
22743,321441600480,257945808649,215,32,828,6624,1
22755,321441600480,260200220809,215,32,828,6624,1
22761,321441600480,261327426889,47,72,116,2088,1
22763,321441600480,261703162249,215,32,828,6624,1
22766,321441600480,262266765289,215,32,828,6624,1
22807,321441600480,269969340169,215,32,828,6624,1
22817,321441600480,271848016969,215,32,828,6624,1
22819,321441600480,272223752329,215,32,828,6624,1
22819,321441600480,272223752329,47,72,116,2088,1
22838,321441600480,275793238249,215,32,828,6624,1
22848,321441600480,277671915049,47,72,116,2088,1
22855,321441600480,278986988809,215,32,828,6624,1
22877,321441600480,283120077769,47,72,116,2088,1
22879,321441600480,283495813129,215,32,828,6624,1
22885,321441600480,284623019209,215,32,828,6624,1
22890,321441600480,285562357609,215,32,828,6624,1
22906,321441600480,288568240489,47,72,116,2088,1
22911,321441600480,289507578889,215,32,828,6624,1
22921,321441600480,291386255689,215,32,828,6624,1
22923,321441600480,291761991049,215,32,828,6624,1
22929,321441600480,292889197129,215,32,828,6624,1
22932,321441600480,293452800169,215,32,828,6624,1
22935,321441600480,294016403209,47,72,116,2088,1
22940,321441600480,294955741609,215,32,828,6624,1
22948,321441600480,296458683049,215,32,828,6624,1
22964,321441600480,299464565929,47,72,116,2088,1
22971,321441600480,300779639689,215,32,828,6624,1
22972,321441600480,300967507369,215,32,828,6624,1
22978,321441600480,302094713449,215,32,828,6624,1
22987,321441600480,303785522569,215,32,828,6624,1
23002,321441600480,306603537769,215,32,828,6624,1
23009,321441600480,307918611529,215,32,828,6624,1
23035,321441600480,312803171209,215,32,828,6624,1
23039,321441600480,313554641929,215,32,828,6624,1
23041,321441600480,313930377289,215,32,828,6624,1
23051,321441600480,315809054089,47,72,116,2088,1
23053,321441600480,316184789449,215,32,828,6624,1
23056,321441600480,316748392489,215,32,828,6624,1
23067,321441600480,318814936969,215,32,828,6624,1
23078,321441600480,320881481449,215,32,828,6624,1
23080,321441600480,321257216809,47,72,116,2088,1
32,187867680,3604129,39,4,152,152,114
32,187867680,3604129,11,6,38,228,57
32,187867680,3604129,47,36,152,1368,19
23619,203460697440,4700296129,23,38,54,2052,1
23676,203460697440,15408753889,23,38,54,2052,1
23733,203460697440,26117211649,23,38,54,2052,1
23790,203460697440,36825669409,23,38,54,2052,1
23847,203460697440,47534127169,23,38,54,2052,1
23904,203460697440,58242584929,23,38,54,2052,1
23960,203460697440,68763175009,263,216,836,45144,1
23961,203460697440,68951042689,23,38,54,2052,1
24009,203460697440,77968691329,131,11,513,22572,1
24018,203460697440,79659500449,23,38,54,2052,1
24075,203460697440,90367958209,23,38,54,2052,1
24123,203460697440,99385606849,131,11,513,22572,1
24132,203460697440,101076415969,23,38,54,2052,1
24189,203460697440,111784873729,23,38,54,2052,1
24245,203460697440,122305463809,263,216,836,45144,1
24246,203460697440,122493331489,23,38,54,2052,1
24303,203460697440,133201789249,23,38,54,2052,1
24360,203460697440,143910247009,23,38,54,2052,1
24417,203460697440,154618704769,23,38,54,2052,1
24474,203460697440,165327162529,23,38,54,2052,1
24531,203460697440,176035620289,23,38,54,2052,1
24588,203460697440,186744078049,23,38,54,2052,1
24645,203460697440,197452535809,23,38,54,2052,1
35,187867680,3964489,39,4,152,152,58
35,187867680,3964489,43,29,143,16588,34
24776,103515091680,5639994889,47,72,116,2088,1
24778,103515091680,6015730249,47,36,152,1368,1
24805,103515091680,11088157609,47,72,116,2088,1
24816,103515091680,13154702089,47,36,152,1368,1
24834,103515091680,16536320329,47,72,116,2088,1
24835,103515091680,16724188009,47,36,152,1368,1
24863,103515091680,21984483049,47,72,116,2088,3
24863,103515091680,21984483049,395,14,1566,21924,1
24892,103515091680,27432645769,47,36,152,1368,1
24908,103515091680,30438528649,311,28,1216,8512,3
24908,103515091680,30438528649,311,180,1064,47880,1
24911,103515091680,31002131689,47,36,152,1368,1
24921,103515091680,32880808489,47,72,116,2088,1
24930,103515091680,34571617609,47,36,152,1368,1
24950,103515091680,38328971209,47,72,116,2088,1
24963,103515091680,40771251049,563,29,2223,257868,1
24979,103515091680,43777133929,47,72,116,2088,1
24987,103515091680,45280075369,47,36,152,1368,1
25006,103515091680,48849561289,47,36,152,1368,1
25025,103515091680,52419047209,47,36,152,1368,1
25037,103515091680,54673459369,47,72,116,2088,1
25044,103515091680,55988533129,47,36,152,1368,1
25056,103515091680,58242945289,131,11,513,22572,1
25063,103515091680,59558019049,47,36,152,1368,1
25082,103515091680,63127504969,47,36,152,1368,1
25095,103515091680,65569784809,47,72,116,2088,1
25101,103515091680,66696990889,47,36,152,1368,1
25124,103515091680,71017947529,47,72,116,2088,1
25139,103515091680,73835962729,47,36,152,1368,1
25153,103515091680,76466110249,47,72,116,2088,1
25158,103515091680,77405448649,47,36,152,1368,1
25170,103515091680,79659860809,131,11,513,22572,1
25177,103515091680,80974934569,47,36,152,1368,1
25182,103515091680,81914272969,47,72,116,2088,1
25196,103515091680,84544420489,47,36,152,1368,1
25215,103515091680,88113906409,47,36,152,1368,1
25234,103515091680,91683392329,47,36,152,1368,1
25240,103515091680,92810598409,47,72,116,2088,1
25253,103515091680,95252878249,47,36,152,1368,1
25269,103515091680,98258761129,47,72,116,2088,1
25272,103515091680,98822364169,47,36,152,1368,1
25291,103515091680,102391850089,47,36,152,1368,1
36,187867680,4084609,11,6,38,228,82
36,187867680,4084609,95,52,328,4264,34
25451,146348922720,2446364449,83,9,323,11628,1
25454,146348922720,3009967489,47,36,152,1368,1
25473,146348922720,6579453409,47,36,152,1368,1
25489,146348922720,9585336289,83,9,323,11628,1
25492,146348922720,10148939329,47,36,152,1368,1
25511,146348922720,13718425249,47,36,152,1368,1
25527,146348922720,16724308129,83,9,323,11628,1
25530,146348922720,17287911169,47,36,152,1368,1
25549,146348922720,20857397089,47,36,152,1368,1
25565,146348922720,23863279969,83,9,323,11628,1
25568,146348922720,24426883009,47,36,152,1368,1
25587,146348922720,27996368929,47,36,152,1368,1
25606,146348922720,31565854849,47,36,152,1368,1
25625,146348922720,35135340769,47,36,152,1368,1
25641,146348922720,38141223649,83,9,323,11628,1
25641,146348922720,38141223649,311,180,1064,47880,1
25644,146348922720,38704826689,47,36,152,1368,1
25663,146348922720,42274312609,47,36,152,1368,1
25682,146348922720,45843798529,47,36,152,1368,1
25720,146348922720,52982770369,47,36,152,1368,1
25739,146348922720,56552256289,47,36,152,1368,1
25758,146348922720,60121742209,47,36,152,1368,1
25774,146348922720,63127625089,83,9,323,11628,1
25777,146348922720,63691228129,47,36,152,1368,1
25796,146348922720,67260714049,47,36,152,1368,1
25812,146348922720,70266596929,83,9,323,11628,1
25815,146348922720,70830199969,47,36,152,1368,1
25834,146348922720,74399685889,47,36,152,1368,1
25853,146348922720,77969171809,47,36,152,1368,1
25869,146348922720,80975054689,83,9,323,11628,1
25872,146348922720,81538657729,47,36,152,1368,1
25910,146348922720,88677629569,47,36,152,1368,1
25929,146348922720,92247115489,47,36,152,1368,1
25967,146348922720,99386087329,47,36,152,1368,1
25983,146348922720,102391970209,83,9,323,11628,1
25986,146348922720,102955573249,47,36,152,1368,1
25991,146348922720,103894911649,191,164,600,24600,1
26002,146348922720,105961456129,83,9,323,11628,1
26024,146348922720,110094545089,47,36,152,1368,1
26043,146348922720,113664031009,47,36,152,1368,1
26062,146348922720,117233516929,47,36,152,1368,1
26078,146348922720,120239399809,83,9,323,11628,1
26081,146348922720,120803002849,47,36,152,1368,1
26097,146348922720,123808885729,83,9,323,11628,1
26100,146348922720,124372488769,47,36,152,1368,1
26119,146348922720,127941974689,47,36,152,1368,1
26138,146348922720,131511460609,47,36,152,1368,1
26154,146348922720,134517343489,83,9,323,11628,1
26157,146348922720,135080946529,47,36,152,1368,1
26176,146348922720,138650432449,47,36,152,1368,1
26195,146348922720,142219918369,47,36,152,1368,1
39,187867680,4444969,39,4,152,152,114
39,187867680,4444969,11,6,38,228,57
39,187867680,4444969,23,16,76,304,57
39,187867680,4444969,55,68,152,2584,57
39,187867680,4444969,47,36,152,1368,19
26505,203460697440,25554449449,311,28,1216,8512,1
26904,203460697440,100513653769,311,28,1216,8512,1
26923,203460697440,104083139689,311,28,1216,8512,1
27208,203460697440,157625428489,311,28,1216,8512,1
27322,203460697440,179042344009,311,28,1216,8512,1
41,187867680,4685209,39,4,152,152,82
41,187867680,4685209,11,3,41,492,34
41,187867680,4685209,47,24,164,984,17
41,187867680,4685209,95,52,328,4264,17
41,187867680,4685209,71,120,164,4920,17
41,187867680,4685209,79,152,164,6232,1
27474,146348922720,2259097369,47,36,152,1368,1
27479,146348922720,3198435769,167,92,576,13248,1
27480,146348922720,3386303449,167,92,576,13248,1
27493,146348922720,5828583289,47,36,152,1368,1
27497,146348922720,6580054009,167,92,576,13248,1
27512,146348922720,9398069209,47,36,152,1368,1
27516,146348922720,10149539929,167,92,576,13248,1
27521,146348922720,11088878329,167,92,576,13248,1
27529,146348922720,12591819769,191,164,600,24600,1
27531,146348922720,12967555129,47,36,152,1368,1
27541,146348922720,14846231929,167,92,576,13248,1
27550,146348922720,16537041049,47,36,152,1368,1
27562,146348922720,18791453209,167,92,576,13248,1
27569,146348922720,20106526969,47,36,152,1368,1
27594,146348922720,24803218969,167,92,576,13248,1
27605,146348922720,26869763449,167,92,576,13248,1
27606,146348922720,27057631129,167,92,576,13248,1
27607,146348922720,27245498809,47,36,152,1368,1
27616,146348922720,28936307929,167,92,576,13248,1
27624,146348922720,30439249369,167,92,576,13248,1
27626,146348922720,30814984729,47,36,152,1368,1
27645,146348922720,34384470649,47,36,152,1368,1
27661,146348922720,37390353529,167,92,576,13248,1
27664,146348922720,37953956569,47,36,152,1368,2
27664,146348922720,37953956569,167,92,576,13248,1
27682,146348922720,41335574809,167,92,576,13248,1
27683,146348922720,41523442489,47,36,152,1368,1
27688,146348922720,42462780889,167,92,576,13248,1
27697,146348922720,44153590009,167,92,576,13248,1
27700,146348922720,44717193049,167,92,576,13248,1
27702,146348922720,45092928409,47,36,152,1368,1
27721,146348922720,48662414329,47,36,152,1368,1
27740,146348922720,52231900249,47,36,152,1368,1
27745,146348922720,53171238649,167,92,576,13248,1
27759,146348922720,55801386169,47,36,152,1368,1
27769,146348922720,57680062969,167,92,576,13248,1
27778,146348922720,59370872089,47,36,152,1368,1
27787,146348922720,61061681209,167,92,576,13248,1
27796,146348922720,62752490329,167,92,576,13248,1
27797,146348922720,62940358009,47,36,152,1368,1
27816,146348922720,66509843929,47,36,152,1368,1
27822,146348922720,67637050009,167,92,576,13248,1
27835,146348922720,70079329849,47,36,152,1368,2
27835,146348922720,70079329849,167,92,576,13248,1
27845,146348922720,71958006649,167,92,576,13248,1
27862,146348922720,75151757209,167,92,576,13248,1
27865,146348922720,75715360249,167,92,576,13248,1
27870,146348922720,76654698649,167,92,576,13248,1
27873,146348922720,77218301689,47,36,152,1368,1
27874,146348922720,77406169369,167,92,576,13248,1
27892,146348922720,80787787609,47,36,152,1368,1
27911,146348922720,84357273529,47,36,152,1368,1
28478,439046768160,230706196249,167,92,576,13248,1
27917,146348922720,85484479609,167,92,576,13248,1
27924,146348922720,86799553369,167,92,576,13248,1
27929,146348922720,87738891769,167,92,576,13248,1
27930,146348922720,87926759449,47,36,152,1368,1
27946,146348922720,90932642329,167,92,576,13248,1
27949,146348922720,91496245369,47,36,152,1368,1
27961,146348922720,93750657529,167,92,576,13248,1
27968,146348922720,95065731289,47,36,152,1368,1
27976,146348922720,96568672729,167,92,576,13248,1
27987,146348922720,98635217209,47,36,152,1368,1
28529,439046768160,391333062649,167,92,576,13248,1
27988,146348922720,98823084889,167,92,576,13248,1
28006,146348922720,102204703129,47,36,152,1368,1
28025,146348922720,105774189049,47,36,152,1368,1
28031,146348922720,106901395129,167,92,576,13248,1
28045,146348922720,109531542649,167,92,576,13248,1
28061,146348922720,112537425529,167,92,576,13248,1
28062,146348922720,112725293209,167,92,576,13248,1
28063,146348922720,112913160889,47,36,152,1368,1
28067,146348922720,113664631609,167,92,576,13248,1
28082,146348922720,116482646809,47,36,152,1368,1
28098,146348922720,119488529689,167,92,576,13248,1
28120,146348922720,123621618649,47,36,152,1368,1
28128,146348922720,125124560089,167,92,576,13248,1
28139,146348922720,127191104569,47,36,152,1368,1
28147,146348922720,128694046009,167,92,576,13248,1
28164,146348922720,131887796569,167,92,576,13248,1
28169,146348922720,132827134969,167,92,576,13248,1
28177,146348922720,134330076409,47,36,152,1368,2
28177,146348922720,134330076409,167,92,576,13248,1
28188,146348922720,136396620889,167,92,576,13248,1
28193,146348922720,137335959289,167,92,576,13248,1
28196,146348922720,137899562329,47,36,152,1368,1
28635,439046768160,284248485049,167,92,576,13248,1
28205,146348922720,139590371449,167,92,576,13248,1
28215,146348922720,141469048249,47,36,152,1368,1
28234,146348922720,145038534169,47,36,152,1368,1
45,187867680,5165689,39,4,152,152,38
45,187867680,5165689,11,6,38,228,19
45,187867680,5165689,23,16,76,304,19
28656,67820232480,944504089,47,36,152,1368,1
28675,67820232480,4513990009,47,36,152,1368,1
28694,67820232480,8083475929,47,36,152,1368,1
28713,67820232480,11652961849,47,36,152,1368,1
28732,67820232480,15222447769,47,36,152,1368,1
28751,67820232480,18791933689,47,36,152,1368,1
28763,67820232480,21046345849,131,11,513,22572,1
28770,67820232480,22361419609,47,36,152,1368,1
28782,67820232480,24615831769,131,11,513,22572,1
28789,67820232480,25930905529,47,36,152,1368,1
28808,67820232480,29500391449,47,36,152,1368,1
28827,67820232480,33069877369,47,36,152,1368,1
28846,67820232480,36639363289,47,36,152,1368,1
28865,67820232480,40208849209,47,36,152,1368,1
28884,67820232480,43778335129,47,36,152,1368,1
28903,67820232480,47347821049,47,36,152,1368,1
28922,67820232480,50917306969,47,36,152,1368,1
28941,67820232480,54486792889,47,36,152,1368,1
28953,67820232480,56741205049,131,11,513,22572,1
28960,67820232480,58056278809,47,36,152,1368,1
28972,67820232480,60310690969,131,11,513,22572,1
28979,67820232480,61625764729,47,36,152,1368,1
28998,67820232480,65195250649,47,36,152,1368,1
46,187867680,5285809,15,2,58,116,74
46,187867680,5285809,31,8,116,232,37
46,187867680,5285809,11,15,29,1740,37
46,187867680,5285809,95,3,377,4524,37
29126,201582020640,3950507089,47,72,116,2088,1
29128,201582020640,4326242449,311,504,740,93240,1
29137,201582020640,6017051569,23,18,74,1332,1
29174,201582020640,12968155729,23,18,74,1332,1
29184,201582020640,14846832529,47,72,116,2088,1
29211,201582020640,19919259889,23,18,74,1332,1
29213,201582020640,20294995249,47,72,116,2088,1
29242,201582020640,25743157969,47,72,116,2088,1
29248,201582020640,26870364049,23,18,74,1332,1
29271,201582020640,31191320689,47,72,116,2088,1
29285,201582020640,33821468209,23,18,74,1332,1
29300,201582020640,36639483409,47,72,116,2088,1
29322,201582020640,40772572369,23,18,74,1332,1
29329,201582020640,42087646129,47,72,116,2088,1
29358,201582020640,47535808849,47,72,116,2088,1
29359,201582020640,47723676529,23,18,74,1332,1
29387,201582020640,52983971569,47,72,116,2088,1
29396,201582020640,54674780689,23,18,74,1332,1
29416,201582020640,58432134289,47,72,116,2088,1
29432,201582020640,61438017169,647,72,2516,45288,1
29433,201582020640,61625884849,23,18,74,1332,1
29445,201582020640,63880297009,47,72,116,2088,1
29503,201582020640,74776622449,47,72,116,2088,1
29507,201582020640,75528093169,23,18,74,1332,1
29561,201582020640,85672947889,47,72,116,2088,1
29590,201582020640,91121110609,47,72,116,2088,1
29619,201582020640,96569273329,47,72,116,2088,1
29646,201582020640,101641700689,311,504,740,93240,1
29648,201582020640,102017436049,47,72,116,2088,1
29655,201582020640,103332509809,23,18,74,1332,1
29692,201582020640,110283613969,23,18,74,1332,1
29729,201582020640,117234718129,23,18,74,1332,1
29735,201582020640,118361924209,47,72,116,2088,1
29764,201582020640,123810086929,47,72,116,2088,1
29766,201582020640,124185822289,23,18,74,1332,1
29793,201582020640,129258249649,47,72,116,2088,1
29822,201582020640,134706412369,47,72,116,2088,1
29840,201582020640,138088030609,23,18,74,1332,1
29851,201582020640,140154575089,47,72,116,2088,1
29877,201582020640,145039134769,23,18,74,1332,1
29880,201582020640,145602737809,47,72,116,2088,1
29909,201582020640,151050900529,47,72,116,2088,1
29914,201582020640,151990238929,23,18,74,1332,1
29938,201582020640,156499063249,47,72,116,2088,1
29951,201582020640,158941343089,23,18,74,1332,1
29967,201582020640,161947225969,47,72,116,2088,1
29996,201582020640,167395388689,47,72,116,2088,1
30025,201582020640,172843551409,23,18,74,1332,1
30025,201582020640,172843551409,47,72,116,2088,1
30051,201582020640,177728111089,671,20,2664,13320,1
30054,201582020640,178291714129,47,72,116,2088,1
30062,201582020640,179794655569,23,18,74,1332,1
30083,201582020640,183739876849,47,72,116,2088,1
30099,201582020640,186745759729,23,18,74,1332,1
30112,201582020640,189188039569,47,72,116,2088,1
30136,201582020640,193696863889,23,18,74,1332,1
30141,201582020640,194636202289,47,72,116,2088,1
30170,201582020640,200084365009,47,72,116,2088,1
30173,201582020640,200647968049,23,18,74,1332,1
49,187867680,5646169,11,6,38,228,58
49,187867680,5646169,15,2,58,116,34
49,187867680,5646169,23,16,76,304,27
30354,103515091680,381381529,143,68,504,8568,1
30355,103515091680,569249209,143,68,504,8568,1
30360,103515091680,1508587609,47,72,116,2088,1
30369,103515091680,3199396729,47,36,152,1368,1
30369,103515091680,3199396729,143,68,504,8568,1
30379,103515091680,5078073529,143,68,504,8568,1
30389,103515091680,6956750329,47,72,116,2088,1
30393,103515091680,7708221049,143,68,504,8568,1
30394,103515091680,7896088729,143,68,504,8568,1
30397,103515091680,8459691769,143,68,504,8568,1
30398,103515091680,8647559449,143,68,504,8568,1
30405,103515091680,9962633209,143,68,504,8568,1
30406,103515091680,10150500889,143,68,504,8568,1
30408,103515091680,10526236249,143,68,504,8568,1
30411,103515091680,11089839289,143,68,504,8568,1
30418,103515091680,12404913049,47,72,116,2088,1
30419,103515091680,12592780729,131,11,513,22572,1
30424,103515091680,13532119129,143,68,504,8568,1
30426,103515091680,13907854489,47,36,152,1368,1
30434,103515091680,15410795929,143,68,504,8568,1
30444,103515091680,17289472729,143,68,504,8568,1
30445,103515091680,17477340409,143,68,504,8568,1
30445,103515091680,17477340409,47,36,152,1368,1
30449,103515091680,18228811129,143,68,504,8568,1
30451,103515091680,18604546489,143,68,504,8568,1
30464,103515091680,21046826329,47,36,152,1368,1
30464,103515091680,21046826329,143,68,504,8568,1
30474,103515091680,22925503129,143,68,504,8568,1
30476,103515091680,23301238489,47,72,116,2088,1
30481,103515091680,24240576889,143,68,504,8568,1
30483,103515091680,24616312249,47,36,152,1368,1
30495,103515091680,26870724409,131,11,513,22572,1
30502,103515091680,28185798169,143,68,504,8568,1
30502,103515091680,28185798169,47,36,152,1368,1
30508,103515091680,29313004249,143,68,504,8568,1
30518,103515091680,31191681049,143,68,504,8568,1
30519,103515091680,31379548729,143,68,504,8568,1
30521,103515091680,31755284089,47,36,152,1368,1
30529,103515091680,33258225529,143,68,504,8568,1
30534,103515091680,34197563929,47,72,116,2088,1
30534,103515091680,34197563929,143,68,504,8568,1
30537,103515091680,34761166969,143,68,504,8568,1
30540,103515091680,35324770009,47,36,152,1368,1
30541,103515091680,35512637689,143,68,504,8568,1
30548,103515091680,36827711449,143,68,504,8568,1
30563,103515091680,39645726649,47,72,116,2088,1
30564,103515091680,39833594329,143,68,504,8568,1
30568,103515091680,40585065049,143,68,504,8568,1
30577,103515091680,42275874169,143,68,504,8568,1
30578,103515091680,42463741849,47,36,152,1368,1
30590,103515091680,44718154009,131,11,513,22572,1
30592,103515091680,45093889369,47,72,116,2088,1
30594,103515091680,45469624729,143,68,504,8568,1
30595,103515091680,45657492409,143,68,504,8568,1
30597,103515091680,46033227769,47,36,152,1368,1
30597,103515091680,46033227769,143,68,504,8568,1
30601,103515091680,46784698489,143,68,504,8568,1
30603,103515091680,47160433849,143,68,504,8568,1
30605,103515091680,47536169209,143,68,504,8568,1
30608,103515091680,48099772249,143,68,504,8568,1
30611,103515091680,48663375289,143,68,504,8568,1
30615,103515091680,49414846009,143,68,504,8568,1
30616,103515091680,49602713689,47,36,152,1368,1
30621,103515091680,50542052089,47,72,116,2088,1
30625,103515091680,51293522809,143,68,504,8568,1
30628,103515091680,51857125849,143,68,504,8568,1
30635,103515091680,53172199609,47,36,152,1368,1
30640,103515091680,54111538009,143,68,504,8568,1
30647,103515091680,55426611769,143,68,504,8568,1
30651,103515091680,56178082489,311,180,1064,47880,1
30654,103515091680,56741685529,47,36,152,1368,1
30658,103515091680,57493156249,143,68,504,8568,1
30659,103515091680,57681023929,143,68,504,8568,1
30673,103515091680,60311171449,47,36,152,1368,1
30679,103515091680,61438377529,47,72,116,2088,1
30686,103515091680,62753451289,143,68,504,8568,1
30687,103515091680,62941318969,143,68,504,8568,1
30692,103515091680,63880657369,47,36,152,1368,1
30692,103515091680,63880657369,143,68,504,8568,1
30693,103515091680,64068525049,143,68,504,8568,1
30708,103515091680,66886540249,47,72,116,2088,1
30711,103515091680,67450143289,47,36,152,1368,1
30715,103515091680,68201614009,143,68,504,8568,1
30717,103515091680,68577349369,143,68,504,8568,1
30721,103515091680,69328820089,143,68,504,8568,1
30723,103515091680,69704555449,131,11,513,22572,1
30730,103515091680,71019629209,143,68,504,8568,1
30730,103515091680,71019629209,47,36,152,1368,1
30742,103515091680,73274041369,143,68,504,8568,1
30748,103515091680,74401247449,143,68,504,8568,1
30763,103515091680,77219262649,143,68,504,8568,1
30766,103515091680,77782865689,47,72,116,2088,1
30767,103515091680,77970733369,143,68,504,8568,1
30768,103515091680,78158601049,47,36,152,1368,1
30769,103515091680,78346468729,143,68,504,8568,1
30777,103515091680,79849410169,143,68,504,8568,1
30782,103515091680,80788748569,143,68,504,8568,1
30788,103515091680,81915954649,143,68,504,8568,3
30788,103515091680,81915954649,263,216,836,45144,1
30793,103515091680,82855293049,143,68,504,8568,1
30795,103515091680,83231028409,47,72,116,2088,1
30799,103515091680,83982499129,143,68,504,8568,1
30800,103515091680,84170366809,1031,380,3744,355680,3
30806,103515091680,85297572889,47,36,152,1368,1
30806,103515091680,85297572889,143,68,504,8568,1
30814,103515091680,86800514329,143,68,504,8568,1
30824,103515091680,88679191129,47,72,116,2088,1
30825,103515091680,88867058809,47,36,152,1368,1
30835,103515091680,90745735609,143,68,504,8568,1
30843,103515091680,92248677049,143,68,504,8568,1
30853,103515091680,94127353849,143,68,504,8568,1
30853,103515091680,94127353849,47,72,116,2088,1
30855,103515091680,94503089209,143,68,504,8568,1
30856,103515091680,94690956889,143,68,504,8568,1
30882,103515091680,99575516569,47,36,152,1368,1
30887,103515091680,100514854969,143,68,504,8568,1
30888,103515091680,100702722649,143,68,504,8568,1
30898,103515091680,102581399449,143,68,504,8568,1
30901,103515091680,103145002489,143,68,504,8568,1
30901,103515091680,103145002489,47,36,152,1368,1
50,187867680,5766289,95,4,376,376,158
50,187867680,5766289,119,2,474,948,90
50,187867680,5766289,71,2,282,564,77
50,187867680,5766289,63,94,158,14852,1
52,187867680,6006529,39,4,152,152,38
52,187867680,6006529,11,6,38,228,19
34977,67820232480,193874209,59,98,138,13524,1
34983,67820232480,1321080289,47,36,152,1368,1
34991,67820232480,2824021729,59,98,138,13524,1
34994,67820232480,3387624769,59,98,138,13524,1
34995,67820232480,3575492449,59,98,138,13524,1
35001,67820232480,4702698529,59,98,138,13524,1
35002,67820232480,4890566209,47,36,152,1368,1
35006,67820232480,5642036929,59,98,138,13524,1
35012,67820232480,6769243009,59,98,138,13524,1
35013,67820232480,6957110689,59,98,138,13524,1
35014,67820232480,7144978369,131,11,513,22572,1
35019,67820232480,8084316769,59,98,138,13524,1
35021,67820232480,8460052129,47,36,152,1368,1
35022,67820232480,8647919809,59,98,138,13524,1
35023,67820232480,8835787489,23,38,54,2052,1
35027,67820232480,9587258209,59,98,138,13524,1
35030,67820232480,10150861249,59,98,138,13524,1
35033,67820232480,10714464289,59,98,138,13524,1
35034,67820232480,10902331969,59,98,138,13524,1
35037,67820232480,11465935009,59,98,138,13524,1
35040,67820232480,12029538049,47,36,152,1368,1
35041,67820232480,12217405729,59,98,138,13524,1
35042,67820232480,12405273409,23,38,54,2052,1
35044,67820232480,12781008769,59,98,138,13524,1
35048,67820232480,13532479489,59,98,138,13524,1
35058,67820232480,15411156289,59,98,138,13524,1
35059,67820232480,15599023969,47,36,152,1368,1
35061,67820232480,15974759329,23,38,54,2052,1
35064,67820232480,16538362369,59,98,138,13524,1
35065,67820232480,16726230049,59,98,138,13524,1
35068,67820232480,17289833089,59,98,138,13524,1
35069,67820232480,17477700769,59,98,138,13524,1
35075,67820232480,18604906849,59,98,138,13524,1
35076,67820232480,18792774529,59,98,138,13524,1
35078,67820232480,19168509889,47,36,152,1368,1
35079,67820232480,19356377569,59,98,138,13524,1
35080,67820232480,19544245249,23,38,54,2052,1
35083,67820232480,20107848289,59,98,138,13524,1
35089,67820232480,21235054369,59,98,138,13524,1
35096,67820232480,22550128129,59,98,138,13524,1
35097,67820232480,22737995809,47,36,152,1368,1
35099,67820232480,23113731169,59,98,138,13524,1
35103,67820232480,23865201889,59,98,138,13524,1
35106,67820232480,24428804929,59,98,138,13524,1
35107,67820232480,24616672609,59,98,138,13524,1
35110,67820232480,25180275649,59,98,138,13524,1
35113,67820232480,25743878689,59,98,138,13524,1
35114,67820232480,25931746369,59,98,138,13524,1
35116,67820232480,26307481729,47,36,152,1368,1
35120,67820232480,27058952449,59,98,138,13524,1
35125,67820232480,27998290849,59,98,138,13524,1
35132,67820232480,29313364609,59,98,138,13524,1
35135,67820232480,29876967649,47,36,152,1368,1
35139,67820232480,30628438369,59,98,138,13524,1
35141,67820232480,31004173729,59,98,138,13524,1
35146,67820232480,31943512129,59,98,138,13524,1
35148,67820232480,32319247489,59,98,138,13524,1
35149,67820232480,32507115169,59,98,138,13524,1
35152,67820232480,33070718209,59,98,138,13524,1
35154,67820232480,33446453569,47,36,152,1368,1
35159,67820232480,34385791969,59,98,138,13524,1
35160,67820232480,34573659649,59,98,138,13524,1
35166,67820232480,35700865729,59,98,138,13524,1
35167,67820232480,35888733409,59,98,138,13524,1
35173,67820232480,37015939489,47,36,152,1368,1
35174,67820232480,37203807169,59,98,138,13524,1
35181,67820232480,38518880929,59,98,138,13524,1
35183,67820232480,38894616289,59,98,138,13524,1
35190,67820232480,40209690049,59,98,138,13524,1
35191,67820232480,40397557729,59,98,138,13524,1
35192,67820232480,40585425409,47,36,152,1368,1
35194,67820232480,40961160769,59,98,138,13524,1
35197,67820232480,41524763809,59,98,138,13524,1
35198,67820232480,41712631489,59,98,138,13524,1
35201,67820232480,42276234529,59,98,138,13524,1
35204,67820232480,42839837569,59,98,138,13524,1
35205,67820232480,43027705249,59,98,138,13524,1
35208,67820232480,43591308289,59,98,138,13524,1
35211,67820232480,44154911329,47,36,152,1368,1
35213,67820232480,44530646689,23,38,54,2052,1
35216,67820232480,45094249729,59,98,138,13524,1
35219,67820232480,45657852769,59,98,138,13524,1
35222,67820232480,46221455809,59,98,138,13524,1
35223,67820232480,46409323489,131,11,513,22572,1
35227,67820232480,47160794209,311,180,1064,47880,1
35229,67820232480,47536529569,59,98,138,13524,1
35230,67820232480,47724397249,47,36,152,1368,1
35232,67820232480,48100132609,23,38,54,2052,1
35239,67820232480,49415206369,59,98,138,13524,1
35244,67820232480,50354544769,59,98,138,13524,1
35249,67820232480,51293883169,47,36,152,1368,1
35250,67820232480,51481750849,59,98,138,13524,1
35251,67820232480,51669618529,23,38,54,2052,1
35253,67820232480,52045353889,59,98,138,13524,1
35257,67820232480,52796824609,59,98,138,13524,1
35258,67820232480,52984692289,59,98,138,13524,1
35260,67820232480,53360427649,59,98,138,13524,1
35261,67820232480,53548295329,59,98,138,13524,1
35265,67820232480,54299766049,59,98,138,13524,1
35268,67820232480,54863369089,47,36,152,1368,1
35272,67820232480,55614839809,59,98,138,13524,1
35274,67820232480,55990575169,59,98,138,13524,1
35278,67820232480,56742045889,59,98,138,13524,1
35281,67820232480,57305648929,59,98,138,13524,1
35285,67820232480,58057119649,59,98,138,13524,1
35286,67820232480,58244987329,59,98,138,13524,1
35287,67820232480,58432855009,47,36,152,1368,1
35295,67820232480,59935796449,59,98,138,13524,1
35296,67820232480,60123664129,59,98,138,13524,1
35299,67820232480,60687267169,59,98,138,13524,1
35300,67820232480,60875134849,59,98,138,13524,1
35303,67820232480,61438737889,59,98,138,13524,1
35306,67820232480,62002340929,47,36,152,1368,1
35307,67820232480,62190208609,59,98,138,13524,1
35310,67820232480,62753811649,59,98,138,13524,1
35316,67820232480,63881017729,59,98,138,13524,1
35317,67820232480,64068885409,59,98,138,13524,1
35320,67820232480,64632488449,59,98,138,13524,1
35323,67820232480,65196091489,59,98,138,13524,1
35324,67820232480,65383959169,59,98,138,13524,1
35325,67820232480,65571826849,47,36,152,1368,1
35327,67820232480,65947562209,59,98,138,13524,1
35330,67820232480,66511165249,59,98,138,13524,1
35331,67820232480,66699032929,59,98,138,13524,1
35335,67820232480,67450503649,59,98,138,13524,1
53,187867680,6126649,191,20,744,3720,274
53,187867680,6126649,35,3,137,1644,58
53,187867680,6126649,71,10,274,2740,29
53,187867680,6126649,183,184,548,25208,29
53,187867680,6126649,199,248,548,33976,1
55,187867680,6366889,11,6,38,228,290
55,187867680,6366889,15,2,58,116,170
55,187867680,6366889,119,12,464,1392,85
55,187867680,6366889,11,15,29,1740,85
58,187867680,6727249,39,4,152,152,114
58,187867680,6727249,11,6,38,228,57
43159,203460697440,1321801009,111,64,380,6080,1
43160,203460697440,1509668689,23,38,54,2052,1
43178,203460697440,4891286929,111,64,380,6080,1
43197,203460697440,8460772849,111,64,380,6080,1
43216,203460697440,12030258769,263,216,836,45144,1
43217,203460697440,12218126449,23,38,54,2052,1
43274,203460697440,22926584209,23,38,54,2052,1
43331,203460697440,33635041969,23,38,54,2052,1
43387,203460697440,44155632049,111,64,380,6080,1
43388,203460697440,44343499729,23,38,54,2052,1
43436,203460697440,53361148369,131,11,513,22572,1
43444,203460697440,54864089809,111,64,380,6080,1
43445,203460697440,55051957489,23,38,54,2052,1
43502,203460697440,65760415249,23,38,54,2052,1
43520,203460697440,69142033489,111,64,380,6080,1
43550,203460697440,74778063889,131,11,513,22572,1
43559,203460697440,76468873009,23,38,54,2052,1
43577,203460697440,79850491249,111,64,380,6080,1
43615,203460697440,86989463089,111,64,380,6080,1
43616,203460697440,87177330769,23,38,54,2052,1
43664,203460697440,96194979409,131,11,513,22572,1
43673,203460697440,97885788529,23,38,54,2052,1
43710,203460697440,104836892689,111,64,380,6080,1
43730,203460697440,108594246289,23,38,54,2052,1
43767,203460697440,115545350449,111,64,380,6080,1
43787,203460697440,119302704049,23,38,54,2052,1
43835,203460697440,128320352689,131,11,513,22572,1
43843,203460697440,129823294129,111,64,380,6080,1
43844,203460697440,130011161809,23,38,54,2052,1
43862,203460697440,133392780049,111,64,380,6080,1
43881,203460697440,136962265969,111,64,380,6080,1
43901,203460697440,140719619569,23,38,54,2052,1
43919,203460697440,144101237809,111,64,380,6080,1
43957,203460697440,151240209649,111,64,380,6080,1
44006,203460697440,160445725969,131,11,513,22572,1
44014,203460697440,161948667409,111,64,380,6080,1
44072,203460697440,172844992849,23,38,54,2052,1
44129,203460697440,183553450609,23,38,54,2052,1
44186,203460697440,194261908369,23,38,54,2052,1
44234,203460697440,203279557009,131,11,513,22572,1
60,187867680,6967489,39,4,152,152,62
60,187867680,6967489,95,8,372,744,34
44344,110654063520,946305889,131,18,506,9108,3
44351,110654063520,2261379649,47,36,152,1368,1
44352,110654063520,2449247329,131,18,506,9108,1
44353,110654063520,2637115009,23,38,54,2052,1
44355,110654063520,3012850369,131,18,506,9108,1
44357,110654063520,3388585729,131,18,506,9108,1
44362,110654063520,4327924129,131,18,506,9108,1
44370,110654063520,5830865569,71,36,248,2232,1
44370,110654063520,5830865569,47,36,152,1368,1
44375,110654063520,6770203969,131,18,506,9108,1
44381,110654063520,7897410049,131,18,506,9108,1
44389,110654063520,9400351489,47,36,152,1368,1
44399,110654063520,11279028289,131,18,506,9108,1
44401,110654063520,11654763649,71,36,248,2232,1
44401,110654063520,11654763649,131,18,506,9108,1
44408,110654063520,12969837409,47,36,152,1368,1
44414,110654063520,14097043489,131,18,506,9108,1
44420,110654063520,15224249569,131,18,506,9108,3
44424,110654063520,15975720289,131,18,506,9108,1
44425,110654063520,16163587969,131,18,506,9108,1
44426,110654063520,16351455649,131,18,506,9108,1
44432,110654063520,17478661729,71,36,248,2232,1
44438,110654063520,18605867809,131,18,506,9108,1
44443,110654063520,19545206209,131,18,506,9108,1
44446,110654063520,20108809249,47,36,152,1368,1
44451,110654063520,21048147649,131,18,506,9108,1
44454,110654063520,21611750689,131,18,506,9108,1
44463,110654063520,23302559809,71,36,248,2232,1
44467,110654063520,24054030529,131,18,506,9108,1
44469,110654063520,24429765889,131,18,506,9108,1
44471,110654063520,24805501249,131,18,506,9108,1
44482,110654063520,26872045729,131,18,506,9108,1
44483,110654063520,27059913409,131,18,506,9108,1
44484,110654063520,27247781089,47,36,152,1368,1
44488,110654063520,27999251809,131,18,506,9108,1
44490,110654063520,28374987169,131,18,506,9108,1
44494,110654063520,29126457889,71,36,248,2232,1
44498,110654063520,29877928609,131,18,506,9108,1
44501,110654063520,30441531649,131,18,506,9108,1
44502,110654063520,30629399329,131,18,506,9108,1
44503,110654063520,30817267009,47,36,152,1368,1
44507,110654063520,31568737729,131,18,506,9108,1
44508,110654063520,31756605409,131,18,506,9108,1
44533,110654063520,36453297409,131,18,506,9108,1
44541,110654063520,37956238849,47,36,152,1368,1
44541,110654063520,37956238849,131,18,506,9108,1
44542,110654063520,38144106529,131,18,506,9108,1
44543,110654063520,38331974209,23,38,54,2052,1
44545,110654063520,38707709569,131,18,506,9108,1
44546,110654063520,38895577249,131,18,506,9108,1
44550,110654063520,39647047969,131,18,506,9108,1
44560,110654063520,41525724769,47,36,152,1368,1
44564,110654063520,42277195489,131,18,506,9108,1
44565,110654063520,42465063169,143,14,558,7812,1
44565,110654063520,42465063169,131,18,506,9108,1
44566,110654063520,42652930849,131,18,506,9108,1
44571,110654063520,43592269249,131,18,506,9108,1
44579,110654063520,45095210689,47,36,152,1368,1
44583,110654063520,45846681409,131,18,506,9108,1
44587,110654063520,46598152129,71,36,248,2232,1
44592,110654063520,47537490529,131,18,506,9108,1
44595,110654063520,48101093569,131,18,506,9108,1
44596,110654063520,48288961249,131,18,506,9108,1
44597,110654063520,48476828929,131,18,506,9108,1
44598,110654063520,48664696609,47,36,152,1368,1
44598,110654063520,48664696609,131,18,506,9108,1
44600,110654063520,49040431969,23,38,54,2052,1
44604,110654063520,49791902689,131,18,506,9108,1
44606,110654063520,50167638049,131,18,506,9108,1
44607,110654063520,50355505729,131,18,506,9108,1
44610,110654063520,50919108769,131,18,506,9108,3
44612,110654063520,51294844129,131,18,506,9108,1
44617,110654063520,52234182529,47,36,152,1368,1
44618,110654063520,52422050209,71,36,248,2232,1
44619,110654063520,52609917889,23,38,54,2052,1
44625,110654063520,53737123969,131,18,506,9108,1
44626,110654063520,53924991649,131,18,506,9108,1
44630,110654063520,54676462369,131,18,506,9108,1
44636,110654063520,55803668449,47,36,152,1368,1
44642,110654063520,56930874529,131,18,506,9108,1
44649,110654063520,58245948289,71,36,248,2232,1
44655,110654063520,59373154369,47,36,152,1368,1
44659,110654063520,60124625089,131,18,506,9108,1
44661,110654063520,60500360449,131,18,506,9108,1
44663,110654063520,60876095809,131,18,506,9108,1
44669,110654063520,62003301889,131,18,506,9108,1
44672,110654063520,62566904929,131,18,506,9108,1
44673,110654063520,62754772609,131,18,506,9108,1
44674,110654063520,62942640289,47,36,152,1368,1
44678,110654063520,63694111009,131,18,506,9108,1
44680,110654063520,64069846369,71,36,248,2232,1
44687,110654063520,65384920129,131,18,506,9108,1
44688,110654063520,65572787809,131,18,506,9108,1
44692,110654063520,66324258529,131,18,506,9108,1
44693,110654063520,66512126209,47,36,152,1368,1
44695,110654063520,66887861569,23,38,54,2052,1
44711,110654063520,69893744449,71,36,248,2232,1
44712,110654063520,70081612129,47,36,152,1368,1
44720,110654063520,71584553569,131,18,506,9108,1
44723,110654063520,72148156609,131,18,506,9108,1
44728,110654063520,73087495009,131,18,506,9108,1
44731,110654063520,73651098049,47,36,152,1368,1
44732,110654063520,73838965729,131,18,506,9108,1
44736,110654063520,74590436449,131,18,506,9108,1
44742,110654063520,75717642529,71,36,248,2232,1
44743,110654063520,75905510209,131,18,506,9108,1
44750,110654063520,77220583969,47,36,152,1368,1
44752,110654063520,77596319329,131,18,506,9108,1
44758,110654063520,78723525409,131,18,506,9108,1
44759,110654063520,78911393089,131,18,506,9108,1
44761,110654063520,79287128449,131,18,506,9108,1
44763,110654063520,79662863809,131,18,506,9108,1
44766,110654063520,80226466849,131,18,506,9108,1
44769,110654063520,80790069889,47,36,152,1368,1
44771,110654063520,81165805249,23,38,54,2052,1
44773,110654063520,81541540609,71,36,248,2232,1
44779,110654063520,82668746689,131,18,506,9108,1
44781,110654063520,83044482049,131,18,506,9108,3
44788,110654063520,84359555809,47,36,152,1368,1
44790,110654063520,84735291169,23,38,54,2052,1
44798,110654063520,86238232609,131,18,506,9108,1
44800,110654063520,86613967969,131,18,506,9108,1
44804,110654063520,87365438689,131,18,506,9108,1
44804,110654063520,87365438689,71,36,248,2232,1
44811,110654063520,88680512449,131,18,506,9108,1
44813,110654063520,89056247809,131,18,506,9108,1
44815,110654063520,89431983169,131,18,506,9108,1
44819,110654063520,90183453889,131,18,506,9108,1
44821,110654063520,90559189249,131,18,506,9108,1
44831,110654063520,92437866049,131,18,506,9108,1
44842,110654063520,94504410529,131,18,506,9108,1
44845,110654063520,95068013569,47,36,152,1368,1
44847,110654063520,95443748929,131,18,506,9108,1
44854,110654063520,96758822689,131,18,506,9108,1
44856,110654063520,97134558049,131,18,506,9108,1
44857,110654063520,97322425729,131,18,506,9108,3
44859,110654063520,97698161089,131,18,506,9108,1
44864,110654063520,98637499489,47,36,152,1368,1
44873,110654063520,100328308609,131,18,506,9108,1
44878,110654063520,101267647009,131,18,506,9108,1
44883,110654063520,102206985409,47,36,152,1368,1
44885,110654063520,102582720769,23,38,54,2052,1
44887,110654063520,102958456129,131,18,506,9108,1
44891,110654063520,103709926849,131,18,506,9108,1
44897,110654063520,104837132929,131,18,506,9108,1
44897,110654063520,104837132929,71,36,248,2232,1
44902,110654063520,105776471329,47,36,152,1368,1
44902,110654063520,105776471329,131,18,506,9108,1
44906,110654063520,106527942049,131,18,506,9108,1
44910,110654063520,107279412769,131,18,506,9108,1
44911,110654063520,107467280449,131,18,506,9108,1
44914,110654063520,108030883489,131,18,506,9108,1
44916,110654063520,108406618849,131,18,506,9108,1
44921,110654063520,109345957249,131,18,506,9108,1
44921,110654063520,109345957249,47,36,152,1368,1
62,187867680,7207729,11,6,38,228,370
62,187867680,7207729,19,2,74,148,170
63,187867680,7327849,35,38,102,3876,354
63,187867680,7327849,71,48,236,2832,102
63,187867680,7327849,47,36,152,1368,57
64,187867680,7447969,71,68,216,3672,361
64,187867680,7447969,71,114,170,19380,304
64,187867680,7447969,39,4,152,152,152
64,187867680,7447969,11,6,38,228,152
64,187867680,7447969,47,36,152,1368,57
65,187867680,7568089,311,20,1224,6120,1273
65,187867680,7568089,35,6,134,804,76
65,187867680,7568089,71,16,268,1072,38
65,187867680,7568089,311,105,1139,478380,38
67,187867680,7808329,39,4,152,152,146
67,187867680,7808329,43,26,146,3796,34
59404,260572472160,2637955849,47,36,152,1368,1
59423,260572472160,6207441769,47,36,152,1368,1
59434,260572472160,8273986249,191,180,584,26280,1
59439,260572472160,9213324649,95,146,234,34164,1
59442,260572472160,9776927689,47,36,152,1368,1
59461,260572472160,13346413609,47,36,152,1368,1
59480,260572472160,16915899529,47,36,152,1368,1
59499,260572472160,20485385449,47,36,152,1368,1
59512,260572472160,22927665289,95,146,234,34164,1
59518,260572472160,24054871369,47,36,152,1368,1
59537,260572472160,27624357289,47,36,152,1368,1
59538,260572472160,27812224969,263,368,684,62928,1
59556,260572472160,31193843209,47,36,152,1368,1
59572,260572472160,34199726089,311,28,1216,8512,1
59575,260572472160,34763329129,47,36,152,1368,1
59585,260572472160,36642005929,95,146,234,34164,1
59594,260572472160,38332815049,47,36,152,1368,1
59613,260572472160,41902300969,47,36,152,1368,1
59632,260572472160,45471786889,47,36,152,1368,1
59651,260572472160,49041272809,47,36,152,1368,1
59670,260572472160,52610758729,47,36,152,1368,1
59689,260572472160,56180244649,47,36,152,1368,1
59708,260572472160,59749730569,47,36,152,1368,1
59724,260572472160,62755613449,311,28,1216,8512,1
59727,260572472160,63319216489,47,36,152,1368,1
59731,260572472160,64070687209,95,146,234,34164,1
59746,260572472160,66888702409,47,36,152,1368,1
59765,260572472160,70458188329,47,36,152,1368,1
59784,260572472160,74027674249,47,36,152,1368,1
59803,260572472160,77597160169,47,36,152,1368,1
59804,260572472160,77785027849,95,146,234,34164,1
59822,260572472160,81166646089,47,36,152,1368,1
59841,260572472160,84736132009,47,36,152,1368,1
59860,260572472160,88305617929,47,36,152,1368,1
59877,260572472160,91499368489,95,146,234,34164,1
59879,260572472160,91875103849,47,36,152,1368,1
59898,260572472160,95444589769,47,36,152,1368,1
59917,260572472160,99014075689,47,36,152,1368,1
59933,260572472160,102019958569,311,28,1216,8512,1
59936,260572472160,102583561609,47,36,152,1368,1
59950,260572472160,105213709129,95,146,234,34164,1
59952,260572472160,105589444489,311,28,1216,8512,1
59955,260572472160,106153047529,47,36,152,1368,1
59993,260572472160,113292019369,47,36,152,1368,1
60012,260572472160,116861505289,47,36,152,1368,1
60023,260572472160,118928049769,95,146,234,34164,1
60031,260572472160,120430991209,47,36,152,1368,1
60069,260572472160,127569963049,47,36,152,1368,1
60088,260572472160,131139448969,47,36,152,1368,1
60096,260572472160,132642390409,95,146,234,34164,1
60107,260572472160,134708934889,47,36,152,1368,1
60126,260572472160,138278420809,47,36,152,1368,1
60145,260572472160,141847906729,47,36,152,1368,1
60164,260572472160,145417392649,47,36,152,1368,1
60169,260572472160,146356731049,95,146,234,34164,1
60183,260572472160,148986878569,47,36,152,1368,1
60202,260572472160,152556364489,47,36,152,1368,1
60221,260572472160,156125850409,47,36,152,1368,1
60240,260572472160,159695336329,47,36,152,1368,1
60259,260572472160,163264822249,47,36,152,1368,1
60278,260572472160,166834308169,47,36,152,1368,1
60297,260572472160,170403794089,47,36,152,1368,1
60315,260572472160,173785412329,95,146,234,34164,1
60316,260572472160,173973280009,47,36,152,1368,1
60335,260572472160,177542765929,47,36,152,1368,1
60351,260572472160,180548648809,311,28,1216,8512,1
60354,260572472160,181112251849,47,36,152,1368,1
60373,260572472160,184681737769,47,36,152,1368,1
60389,260572472160,187687620649,311,28,1216,8512,1
60392,260572472160,188251223689,47,36,152,1368,1
60411,260572472160,191820709609,47,36,152,1368,1
60430,260572472160,195390195529,47,36,152,1368,1
60449,260572472160,198959681449,47,36,152,1368,1
60461,260572472160,201214093609,95,146,234,34164,1
60468,260572472160,202529167369,47,36,152,1368,1
60484,260572472160,205535050249,311,28,1216,8512,1
60487,260572472160,206098653289,47,36,152,1368,1
60506,260572472160,209668139209,47,36,152,1368,1
60534,260572472160,214928434249,95,146,234,34164,1
60544,260572472160,216807111049,47,36,152,1368,1
60563,260572472160,220376596969,47,36,152,1368,1
60582,260572472160,223946082889,47,36,152,1368,1
60601,260572472160,227515568809,47,36,152,1368,1
60607,260572472160,228642774889,95,146,234,34164,1
60620,260572472160,231085054729,47,36,152,1368,1
60639,260572472160,234654540649,47,36,152,1368,1
60658,260572472160,238224026569,47,36,152,1368,1
60677,260572472160,241793512489,47,36,152,1368,1
60696,260572472160,245362998409,47,36,152,1368,1
60715,260572472160,248932484329,47,36,152,1368,1
60734,260572472160,252501970249,47,36,152,1368,1
60748,260572472160,255132117769,191,180,584,26280,1
60753,260572472160,256071456169,47,36,152,1368,1
60753,260572472160,256071456169,95,146,234,34164,1
60772,260572472160,259640942089,47,36,152,1368,1
69,187867680,8048569,47,2,186,372,318
69,187867680,8048569,27,2,106,212,174
69,187867680,8048569,39,32,124,992,153
69,187867680,8048569,95,8,372,744,153
69,187867680,8048569,71,124,160,4960,153
69,187867680,8048569,71,72,212,3816,26
70,187867680,8168689,39,4,152,152,190
70,187867680,8168689,11,6,38,228,95
66024,339101162400,8086478929,111,64,380,6080,1
66176,339101162400,36642366289,111,64,380,6080,1
66233,339101162400,47350824049,111,64,380,6080,1
66271,339101162400,54489795889,111,64,380,6080,1
66404,339101162400,79476197329,111,64,380,6080,1
66442,339101162400,86615169169,111,64,380,6080,1
66461,339101162400,90184655089,111,64,380,6080,1
66575,339101162400,111601570609,111,64,380,6080,1
66594,339101162400,115171056529,111,64,380,6080,1
66670,339101162400,129449000209,111,64,380,6080,1
66784,339101162400,150865915729,111,64,380,6080,1
66822,339101162400,158004887569,111,64,380,6080,1
66841,339101162400,161574373489,111,64,380,6080,1
66879,339101162400,168713345329,111,64,380,6080,1
66917,339101162400,175852317169,111,64,380,6080,1
67050,339101162400,200838718609,111,64,380,6080,1
67069,339101162400,204408204529,111,64,380,6080,1
67145,339101162400,218686148209,111,64,380,6080,1
67164,339101162400,222255634129,111,64,380,6080,1
67202,339101162400,229394605969,111,64,380,6080,1
67316,339101162400,250811521489,111,64,380,6080,1
67335,339101162400,254381007409,111,64,380,6080,1
67354,339101162400,257950493329,111,64,380,6080,1
67392,339101162400,265089465169,111,64,380,6080,1
67411,339101162400,268658951089,111,64,380,6080,1
67430,339101162400,272228437009,111,64,380,6080,1
67468,339101162400,279367408849,111,64,380,6080,1
67525,339101162400,290075866609,111,64,380,6080,1
67582,339101162400,300784324369,111,64,380,6080,1
67620,339101162400,307923296209,111,64,380,6080,1
67696,339101162400,322201239889,111,64,380,6080,1
67772,339101162400,336479183569,111,64,380,6080,1
72,187867680,8408929,31,8,116,232,248
72,187867680,8408929,63,4,248,248,216
72,187867680,8408929,47,2,186,372,108
72,187867680,8408929,95,8,372,744,108
73,187867680,8529049,95,3,377,4524,222
73,187867680,8529049,15,2,58,116,111
73,187867680,8529049,31,8,116,232,111
73,187867680,8529049,119,12,464,1392,111
73,187867680,8529049,11,15,29,1740,111
73,187867680,8529049,47,72,116,2088,37
75,187867680,8769289,11,6,38,228,174
75,187867680,8769289,15,2,58,116,102
75,187867680,8769289,23,16,76,304,81
75,187867680,8769289,31,8,116,232,48
75,187867680,8769289,119,12,464,1392,48
75,187867680,8769289,11,15,29,1740,48
75,187867680,8769289,95,3,377,4524,48
75,187867680,8769289,47,72,116,2088,16
74734,310545275040,12971639209,131,11,513,22572,1
74985,310545275040,60126426889,311,28,1216,8512,1
75076,310545275040,77222385769,131,11,513,22572,1
75266,310545275040,112917244969,395,14,1566,21924,1
75418,310545275040,141473132329,131,11,513,22572,1
75703,310545275040,195015421129,131,11,513,22572,1
76102,310545275040,269974625449,131,11,513,22572,1
76216,310545275040,291391540969,131,11,513,22572,1
77,187867680,9009529,39,4,152,152,190
77,187867680,9009529,11,6,38,228,95
77,187867680,9009529,23,16,76,304,95
82,187867680,9610129,15,2,58,116,74
82,187867680,9610129,39,8,148,296,54
82,187867680,9610129,11,15,29,1740,35
78156,201582020640,1888286929,47,72,116,2088,1
78158,201582020640,2264022289,311,20,1224,6120,1
78167,201582020640,3954831409,23,18,74,1332,1
78198,201582020640,9778729489,311,20,1224,6120,1
78204,201582020640,10905935569,23,18,74,1332,1
78214,201582020640,12784612369,47,72,116,2088,1
78231,201582020640,15978362929,311,20,1224,6120,1
78232,201582020640,16166230609,311,20,1224,6120,1
78241,201582020640,17857039729,23,18,74,1332,1
78243,201582020640,18232775089,47,72,116,2088,1
78244,201582020640,18420642769,311,20,1224,6120,1
78272,201582020640,23680937809,47,72,116,2088,1
78278,201582020640,24808143889,23,18,74,1332,1
78285,201582020640,26123217649,311,20,1224,6120,1
78301,201582020640,29129100529,47,72,116,2088,1
78315,201582020640,31759248049,23,18,74,1332,1
78330,201582020640,34577263249,47,72,116,2088,1
78352,201582020640,38710352209,23,18,74,1332,1
78359,201582020640,40025425969,47,72,116,2088,1
78373,201582020640,42655573489,311,20,1224,6120,1
78376,201582020640,43219176529,143,128,444,14208,1
78386,201582020640,45097853329,311,20,1224,6120,1
78388,201582020640,45473588689,47,72,116,2088,1
78389,201582020640,45661456369,23,18,74,1332,1
78417,201582020640,50921751409,47,72,116,2088,1
78426,201582020640,52612560529,23,18,74,1332,1
78433,201582020640,53927634289,311,20,1224,6120,1
78443,201582020640,55806311089,311,20,1224,6120,1
78446,201582020640,56369914129,47,72,116,2088,1
78447,201582020640,56557781809,311,20,1224,6120,1
78450,201582020640,57121384849,143,128,444,14208,1
78463,201582020640,59563664689,23,18,74,1332,1
78475,201582020640,61818076849,47,72,116,2088,1
78510,201582020640,68393445649,311,20,1224,6120,1
78533,201582020640,72714402289,47,72,116,2088,1
78537,201582020640,73465873009,23,18,74,1332,1
78546,201582020640,75156682129,311,20,1224,6120,1
78552,201582020640,76283888209,311,20,1224,6120,1
78591,201582020640,83610727729,47,72,116,2088,1
78598,201582020640,84925801489,143,128,444,14208,1
78620,201582020640,89058890449,47,72,116,2088,1
78621,201582020640,89246758129,311,20,1224,6120,1
78634,201582020640,91689037969,311,20,1224,6120,1
78649,201582020640,94507053169,47,72,116,2088,1
78664,201582020640,97325068369,311,20,1224,6120,1
78678,201582020640,99955215889,47,72,116,2088,1
78685,201582020640,101270289649,23,18,74,1332,1
78707,201582020640,105403378609,47,72,116,2088,1
78709,201582020640,105779113969,143,128,444,14208,1
78716,201582020640,107094187729,311,20,1224,6120,1
78718,201582020640,107469923089,311,20,1224,6120,1
78722,201582020640,108221393809,23,18,74,1332,1
78754,201582020640,114233159569,311,20,1224,6120,1
78759,201582020640,115172497969,23,18,74,1332,1
78765,201582020640,116299704049,47,72,116,2088,1
78794,201582020640,121747866769,47,72,116,2088,1
78796,201582020640,122123602129,23,18,74,1332,1
78823,201582020640,127196029489,47,72,116,2088,1
78849,201582020640,132080589169,311,20,1224,6120,1
78852,201582020640,132644192209,47,72,116,2088,1
78853,201582020640,132832059889,311,20,1224,6120,1
78857,201582020640,133583530609,143,128,444,14208,1
78870,201582020640,136025810449,23,18,74,1332,1
78875,201582020640,136965148849,311,20,1224,6120,1
78878,201582020640,137528751889,311,20,1224,6120,1
78881,201582020640,138092354929,47,72,116,2088,1
78907,201582020640,142976914609,23,18,74,1332,1
78910,201582020640,143540517649,47,72,116,2088,1
78915,201582020640,144479856049,311,20,1224,6120,1
78939,201582020640,148988680369,47,72,116,2088,1
78944,201582020640,149928018769,23,18,74,1332,1
78956,201582020640,152182430929,311,20,1224,6120,1
78968,201582020640,154436843089,47,72,116,2088,1
78973,201582020640,155376181489,311,20,1224,6120,1
78974,201582020640,155564049169,311,20,1224,6120,1
78981,201582020640,156879122929,23,18,74,1332,1
78982,201582020640,157066990609,311,20,1224,6120,1
78994,201582020640,159321402769,311,20,1224,6120,1
78997,201582020640,159885005809,47,72,116,2088,1
79005,201582020640,161387947249,143,128,444,14208,1
79024,201582020640,164957433169,311,20,1224,6120,1
79026,201582020640,165333168529,47,72,116,2088,1
79039,201582020640,167775448369,311,20,1224,6120,1
79055,201582020640,170781331249,23,18,74,1332,1
79055,201582020640,170781331249,47,72,116,2088,1
79084,201582020640,176229493969,47,72,116,2088,1
79086,201582020640,176605229329,311,20,1224,6120,1
79092,201582020640,177732435409,23,18,74,1332,1
79102,201582020640,179611112209,311,20,1224,6120,1
79107,201582020640,180550450609,311,20,1224,6120,1
79113,201582020640,181677656689,47,72,116,2088,1
79129,201582020640,184683539569,23,18,74,1332,1
79130,201582020640,184871407249,311,20,1224,6120,1
79142,201582020640,187125819409,47,72,116,2088,1
79148,201582020640,188253025489,311,20,1224,6120,1
79171,201582020640,192573982129,47,72,116,2088,1
79187,201582020640,195579865009,311,20,1224,6120,1
79189,201582020640,195955600369,311,20,1224,6120,1
79190,201582020640,196143468049,143,128,444,14208,1
79200,201582020640,198022144849,47,72,116,2088,1
79203,201582020640,198585747889,23,18,74,1332,1
79213,201582020640,200464424689,311,20,1224,6120,1
83,187867680,9730249,131,18,506,9108,361
83,187867680,9730249,39,4,152,152,76
83,187867680,9730249,11,6,38,228,38
83,187867680,9730249,23,16,76,304,38
79742,203460697440,40025546089,407,156,1472,57408,1
79751,203460697440,41716355209,407,156,1472,57408,1
79877,203460697440,65387682889,263,216,836,45144,1
79985,203460697440,85677392329,407,156,1472,57408,1
80006,203460697440,89622613609,311,28,1216,8512,1
80207,203460697440,127384017289,407,156,1472,57408,1
80216,203460697440,129074826409,407,156,1472,57408,1
80255,203460697440,136401665929,407,156,1472,57408,1
80576,203460697440,196707191209,311,28,1216,8512,1
86,187867680,10090609,63,4,248,248,282
86,187867680,10090609,71,2,282,564,174
86,187867680,10090609,47,2,186,372,135
86,187867680,10090609,95,8,372,744,135
86,187867680,10090609,71,36,248,2232,45
86,187867680,10090609,39,62,94,5828,3
87,187867680,10210729,11,6,38,228,438
87,187867680,10210729,23,16,76,304,219
87,187867680,10210729,95,146,234,34164,32
90,187867680,10571089,55,68,152,2584,114
90,187867680,10571089,39,4,152,152,57
90,187867680,10571089,11,6,38,228,57
89171,203460697440,1513512529,111,64,380,6080,1
89172,203460697440,1701380209,23,38,54,2052,1
89190,203460697440,5082998449,111,64,380,6080,1
89209,203460697440,8652484369,111,64,380,6080,1
89228,203460697440,12221970289,111,64,380,6080,1
89229,203460697440,12409837969,23,38,54,2052,1
89286,203460697440,23118295729,23,38,54,2052,1
89343,203460697440,33826753489,23,38,54,2052,1
89380,203460697440,40777857649,111,64,380,6080,1
89400,203460697440,44535211249,23,38,54,2052,1
89457,203460697440,55243669009,23,38,54,2052,1
89513,203460697440,65764259089,111,64,380,6080,1
89514,203460697440,65952126769,23,38,54,2052,1
89551,203460697440,72903230929,111,64,380,6080,1
89571,203460697440,76660584529,23,38,54,2052,1
89589,203460697440,80042202769,111,64,380,6080,1
89628,203460697440,87369042289,23,38,54,2052,1
89646,203460697440,90750660529,111,64,380,6080,1
89685,203460697440,98077500049,23,38,54,2052,1
89722,203460697440,105028604209,111,64,380,6080,1
89742,203460697440,108785957809,23,38,54,2052,1
89779,203460697440,115737061969,111,64,380,6080,1
89799,203460697440,119494415569,23,38,54,2052,1
89856,203460697440,130202873329,23,38,54,2052,1
89874,203460697440,133584491569,111,64,380,6080,1
89913,203460697440,140911331089,23,38,54,2052,1
89931,203460697440,144292949329,111,64,380,6080,1
89970,203460697440,151619788849,23,38,54,2052,1
90026,203460697440,162140378929,111,64,380,6080,1
90027,203460697440,162328246609,23,38,54,2052,1
90045,203460697440,165709864849,111,64,380,6080,1
90084,203460697440,173036704369,23,38,54,2052,1
90102,203460697440,176418322609,111,64,380,6080,1
90140,203460697440,183557294449,111,64,380,6080,1
90141,203460697440,183745162129,23,38,54,2052,1
90198,203460697440,194453619889,23,38,54,2052,1
90216,203460697440,197835238129,111,64,380,6080,1
90235,203460697440,201404724049,111,64,380,6080,1
92,187867680,10811329,119,24,452,2712,82
92,187867680,10811329,59,113,123,55596,2
96,187867680,11291809,39,4,152,152,114
96,187867680,11291809,11,6,38,228,57
96,187867680,11291809,47,36,152,1368,19
95001,203460697440,5083719169,23,38,54,2052,1
95058,203460697440,15792176929,23,38,54,2052,1
95115,203460697440,26500634689,23,38,54,2052,1
95172,203460697440,37209092449,23,38,54,2052,1
95229,203460697440,47917550209,23,38,54,2052,1
95285,203460697440,58438140289,263,216,836,45144,1
95286,203460697440,58626007969,23,38,54,2052,1
95343,203460697440,69334465729,23,38,54,2052,1
95400,203460697440,80042923489,23,38,54,2052,1
95456,203460697440,90563513569,263,216,836,45144,1
95457,203460697440,90751381249,23,38,54,2052,1
95514,203460697440,101459839009,23,38,54,2052,1
95571,203460697440,112168296769,23,38,54,2052,1
95627,203460697440,122688886849,263,216,836,45144,1
95628,203460697440,122876754529,23,38,54,2052,1
95676,203460697440,131894403169,131,11,513,22572,1
95685,203460697440,133585212289,23,38,54,2052,1
95733,203460697440,142602860929,131,11,513,22572,1
95742,203460697440,144293670049,23,38,54,2052,1
95799,203460697440,155002127809,23,38,54,2052,1
95856,203460697440,165710585569,23,38,54,2052,1
95913,203460697440,176419043329,23,38,54,2052,1
95970,203460697440,187127501089,23,38,54,2052,1
96026,203460697440,197648091169,263,216,836,45144,1
96027,203460697440,197835958849,23,38,54,2052,1
97,187867680,11411929,63,4,248,248,94
97,187867680,11411929,95,4,376,376,58
97,187867680,11411929,47,2,186,372,45
97,187867680,11411929,39,32,124,992,45
97,187867680,11411929,71,2,282,564,27
96142,273723209760,1890088729,119,62,414,25668,1
96173,273723209760,7713986809,119,62,414,25668,1
96204,273723209760,13537884889,119,62,414,25668,1
96235,273723209760,19361782969,119,62,414,25668,1
96266,273723209760,25185681049,119,62,414,25668,1
96297,273723209760,31009579129,119,62,414,25668,1
96300,273723209760,31573182169,143,14,558,7812,1
96328,273723209760,36833477209,119,62,414,25668,1
96359,273723209760,42657375289,119,62,414,25668,1
96362,273723209760,43220978329,143,14,558,7812,1
96390,273723209760,48481273369,119,62,414,25668,1
96421,273723209760,54305171449,119,62,414,25668,1
96452,273723209760,60129069529,119,62,414,25668,1
96514,273723209760,71776865689,119,62,414,25668,1
96545,273723209760,77600763769,119,62,414,25668,1
96576,273723209760,83424661849,119,62,414,25668,1
96607,273723209760,89248559929,119,62,414,25668,1
96638,273723209760,95072458009,119,62,414,25668,1
96669,273723209760,100896356089,119,62,414,25668,1
96672,273723209760,101459959129,143,14,558,7812,1
96700,273723209760,106720254169,119,62,414,25668,1
96731,273723209760,112544152249,119,62,414,25668,1
96762,273723209760,118368050329,119,62,414,25668,1
96793,273723209760,124191948409,119,62,414,25668,1
96824,273723209760,130015846489,119,62,414,25668,1
96855,273723209760,135839744569,119,62,414,25668,1
96886,273723209760,141663642649,119,62,414,25668,1
96917,273723209760,147487540729,119,62,414,25668,1
96948,273723209760,153311438809,119,62,414,25668,1
96951,273723209760,153875041849,143,14,558,7812,1
96979,273723209760,159135336889,119,62,414,25668,1
96982,273723209760,159698939929,143,14,558,7812,1
97010,273723209760,164959234969,119,62,414,25668,1
97041,273723209760,170783133049,119,62,414,25668,1
97103,273723209760,182430929209,119,62,414,25668,1
97134,273723209760,188254827289,119,62,414,25668,1
97165,273723209760,194078725369,119,62,414,25668,1
97196,273723209760,199902623449,119,62,414,25668,1
97227,273723209760,205726521529,119,62,414,25668,1
97230,273723209760,206290124569,143,14,558,7812,1
97258,273723209760,211550419609,119,62,414,25668,1
97289,273723209760,217374317689,119,62,414,25668,1
97320,273723209760,223198215769,119,62,414,25668,1
97351,273723209760,229022113849,119,62,414,25668,1
97382,273723209760,234846011929,119,62,414,25668,1
97413,273723209760,240669910009,119,62,414,25668,1
97416,273723209760,241233513049,143,14,558,7812,1
97444,273723209760,246493808089,119,62,414,25668,1
97475,273723209760,252317706169,119,62,414,25668,1
97509,273723209760,258705207289,143,14,558,7812,1
97537,273723209760,263965502329,119,62,414,25668,1
97568,273723209760,269789400409,119,62,414,25668,1
