residue,modulus,r_mod_24,r_mod_5,r_mod_7,r_mod_11,r_mod_13,r_mod_17,gcd_r_modulus,is_square_integer,integer_square_root,is_quadratic_residue_mod_5,is_quadratic_residue_mod_7,is_quadratic_residue_mod_11,is_quadratic_residue_mod_13,is_quadratic_residue_mod_17,is_quadratic_residue_mod_global,square_roots_mod_global
1,120120,1,1,1,1,1,1,1,True,1,True,True,True,True,True,True,1 1429 2729 3431 4159 5279 5851 6161 8009 8581 10009 12011 12739 13441 13859 14741 15289 16171 16589 17291
289,120120,1,4,2,3,3,0,1,True,17,True,True,True,True,True,True,17 347 1733 4273 4637 5737 6023 6353 9377 10027 10357 10643 11743 13667 13997 14647 15383 16033 16363 18287
361,120120,1,1,4,9,10,4,1,True,19,True,True,True,True,True,True,19 1801 2021 2879 3061 5129 6949 8209 8951 9809 9991 10211 11069 12031 12889 14891 15139 17141 17999 18961
529,120120,1,4,4,1,9,2,1,True,23,True,True,True,True,True,True,23 1297 2707 2837 4027 5567 5983 7303 8447 8713 8843 10033 11177 11573 12847 14453 15577 17183 18457 18853
841,120120,1,1,1,5,9,8,1,True,29,True,True,True,True,True,True,29 491 601 1511 2941 7069 7979 8609 9071 9409 10039 10501 10949 11411 11521 12041 17989 18509 18619 19081
961,120120,1,1,2,4,12,9,1,True,31,True,True,True,True,True,True,31 1201 3749 4259 4519 5491 6521 8039 8809 9209 9979 10811 11981 13499 13759 14269 15761 16271 16531 18049
1201,120120,1,1,4,2,5,11,1,False,,True,True,False,False,False,False,
1369,120120,1,4,4,5,4,9,1,True,37,True,True,True,True,True,True,37 2273 3733 3967 4877 6043 6277 6827 7187 9137 9973 10883 12283 12833 13193 14887 15143 16837 17197 17747
1681,120120,1,1,1,9,4,15,1,True,41,True,True,True,True,True,True,41 349 1471 1961 2351 3781 6229 8231 8539 9479 9661 10051 10541 11789 11971 12361 17669 18059 18241 19489
1849,120120,1,4,1,1,3,13,1,True,43,True,True,True,True,True,True,43 1343 1387 2617 2773 3233 4663 5347 5963 7237 7393 8623 9967 11353 13243 14057 15973 16787 18677 20063
2209,120120,1,4,4,9,12,16,1,True,47,True,True,True,True,True,True,47 1097 1867 2137 4727 6053 7103 7873 8143 9287 10057 10733 11107 12917 13967 14737 15293 16063 17113 18923
2521,120120,1,1,1,2,12,5,1,False,,True,True,False,True,False,False,
2641,120120,1,1,2,1,2,6,1,False,,True,True,True,False,False,False,
2809,120120,1,4,2,4,1,4,1,True,53,True,True,True,True,True,True,53 493 1663 3797 4057 4343 5513 5953 8347 9517 9803 10063 10217 13807 14353 14507 15523 15677 16223 19813
3361,120120,1,1,1,6,7,12,1,False,,True,True,False,False,False,False,
3481,120120,1,1,2,5,10,13,1,True,59,True,True,True,True,True,True,59 851 1151 3139 4231 5141 5779 6871 7781 7949 10069 10861 11161 12071 12239 14879 15151 17791 17959 18869
3721,120120,1,1,4,3,3,15,1,True,61,True,True,True,True,True,True,61 919 1699 2921 3449 3701 4559 8069 8311 9091 9949 11951 12931 13459 13711 14569 15461 16319 16571 17099
4369,120120,1,4,1,2,1,0,1,False,,True,True,False,True,True,False,
4489,120120,1,4,2,1,4,1,1,True,67,True,True,True,True,True,True,67 353 1627 2377 2663 3343 3937 4357 5653 6073 6667 7633 8383 9943 10363 12673 17357 19667 20087 21647
5041,120120,1,1,1,3,10,9,1,True,71,True,True,True,True,True,True,71 1931 3361 3569 4439 4999 5011 6649 7001 8651 10081 11369 11941 13019 13579 14449 15581 16451 17011 18089
5329,120120,1,4,2,5,12,8,1,True,73,True,True,True,True,True,True,73 697 983 3307 4217 4987 5023 5933 6703 9313 9797 9937 10223 10993 14087 14227 15803 15943 19037 19807
5569,120120,1,4,4,3,5,10,1,False,,True,True,True,False,False,False,
5881,120120,1,1,1,7,5,16,1,False,,True,True,False,False,True,False,
6241,120120,1,1,4,4,1,2,1,True,79,True,True,True,True,True,True,79 779 1769 2081 3379 5381 6239 6631 7229 9931 10789 11779 12091 12791 13781 14639 15391 16249 17239 17939
6889,120120,1,4,1,3,12,4,1,True,83,True,True,True,True,True,True,83 853 1513 4087 4493 5153 5923 6287 7727 8497 9157 10093 12293 13733 14503 14867 15163 15527 16297 17737
7561,120120,1,1,1,4,8,13,1,False,,True,True,True,False,True,False,
7921,120120,1,1,4,1,4,16,1,True,89,True,True,True,True,True,True,89 2221 2641 4951 5059 7061 7369 7789 7919 9371 9791 10099 10229 10649 12101 12959 17071 17929 19381 19801
8089,120120,1,4,4,4,3,14,1,False,,True,True,True,True,False,True,607 1153 1993 3397 3467 4013 4853 6613 8017 8857 9403 9473 10547 13477 14023 14863 15167 16007 16553 19483
8761,120120,1,1,4,5,12,6,1,False,,True,True,True,True,False,True,359 499 1591 2501 3271 6739 7649 8419 8741 9511 9599 10369 10421 11279 12371 12511 17519 17659 18751 19609
9409,120120,1,4,1,4,10,8,1,True,97,True,True,True,True,True,True,97 1553 2477 2983 3023 3907 4453 5557 6103 7027 8483 9913 11537 11563 12487 13033 16997 17543 18467 18493
9601,120120,1,1,4,9,7,13,1,False,,True,True,True,False,True,False,
10201,120120,1,1,2,4,9,1,1,True,101,True,True,True,True,True,True,101 361 1901 4189 4651 5359 5821 6191 7361 8369 9649 10111 11651 11911 12659 13829 16201 17371 18119 18379
10441,120120,1,1,4,2,2,3,1,False,,True,True,False,False,False,False,
10609,120120,1,4,4,5,1,1,1,True,103,True,True,True,True,True,True,103 2053 2963 3043 3197 3953 5903 6967 7957 9203 9907 10817 12973 13207 13963 14117 15913 16067 16823 17057
10921,120120,1,1,1,9,1,7,1,False,,True,True,True,True,False,True,701 1301 2549 2731 3121 5459 6889 7279 8891 9281 10711 10739 11129 11311 12559 14561 15469 17471 18719 18901
11281,120120,1,1,4,6,10,10,1,False,,True,True,False,True,False,False,
11449,120120,1,4,4,9,9,8,1,True,107,True,True,True,True,True,True,107 1433 2753 3253 4573 5437 5717 6113 6757 8297 10117 11443 11723 12763 13907 14303 15727 16123 17267 18307
11881,120120,1,1,2,1,12,15,1,True,109,True,True,True,True,True,True,109 2111 2839 2881 4399 4841 5611 6401 7129 7171 9131 9901 10889 12121 13619 14851 15179 16411 17909 19141
12601,120120,1,1,1,6,4,4,1,False,,True,True,False,True,True,False,
12721,120120,1,1,2,5,7,5,1,False,,True,True,True,False,False,False,
12769,120120,1,4,1,9,3,2,1,True,113,True,True,True,True,True,True,113 503 1933 2687 4073 4117 4507 5503 5893 8077 8693 10123 10513 11327 12697 14083 15947 17333 18703 19517
13561,120120,1,1,2,9,2,12,1,False,,True,True,True,False,False,False,
13729,120120,1,4,2,1,1,10,1,False,,True,True,True,True,False,True,703 857 2573 3433 3587 5303 6577 6863 9307 9593 10427 10867 12583 13157 13597 14717 15313 16433 16873 17447
14401,120120,1,1,2,2,10,2,1,False,,True,True,False,True,True,False,
14569,120120,1,4,2,5,9,0,1,False,,True,True,True,True,True,True,367 2083 3637 3923 4547 5177 6373 7927 8837 9467 9643 10553 11183 13933 14557 14843 15187 15473 16097 18847
15121,120120,1,1,1,7,2,8,1,False,,True,True,False,False,True,False,
15409,120120,1,4,2,9,4,7,1,False,,True,True,True,True,False,True,613 1103 1207 2797 2923 3083 4903 5107 5393 7087 7213 8803 9397 11113 13093 14627 15403 16937 18917 20633
15649,120120,1,4,4,7,10,9,1,False,,True,True,False,True,True,False,
16129,120120,1,4,1,3,9,13,1,True,127,True,True,True,True,True,True,127 1303 1667 3767 3877 4703 6133 7673 8707 9773 9883 10247 11677 12347 13777 14713 15317 16253 17683 18353
16249,120120,1,4,2,2,12,14,1,False,,True,True,False,True,False,False,
16921,120120,1,1,2,3,8,6,1,False,,True,True,True,False,False,False,
17161,120120,1,1,4,1,1,8,1,True,131,True,True,True,True,True,True,131 859 989 1871 2861 3719 4289 7019 9151 10141 10999 11881 12871 13001 13729 14299 15731 16301 17029 17159
17761,120120,1,1,2,7,3,13,1,False,,True,True,False,True,True,False,
18001,120120,1,1,4,5,9,15,1,False,,True,True,True,True,True,True,1349 3799 4261 4891 5119 5749 5801 6211 6659 7121 7751 11359 12269 12899 13361 14219 15811 16669 17131 17761
18481,120120,1,1,1,1,8,2,1,False,,True,True,True,False,True,False,
18769,120120,1,4,2,3,10,1,1,True,137,True,True,True,True,True,True,137 787 2503 3217 3503 4427 6143 6793 7507 9223 9587 10147 10433 13513 13877 14437 15593 16153 16517 19597
18841,120120,1,1,4,9,4,5,1,False,,True,True,True,True,False,True,509 2329 2819 4331 4639 5189 5371 6641 7499 7681 10519 12521 12829 13379 14341 14831 15199 15689 16651 17201
19009,120120,1,4,4,1,3,3,1,False,,True,True,True,True,False,True,373 1517 2903 3103 4247 5633 6907 7523 9637 9767 10253 11527 12497 12913 14257 14387 15643 15773 17117 17533
19321,120120,1,1,1,5,3,9,1,True,139,True,True,True,True,True,True,139 1049 2141 2479 3571 4481 6439 6959 7531 8441 9871 11059 11579 12151 13061 14491 15539 16969 17879 18451
19681,120120,1,1,4,2,12,12,1,False,,True,True,False,True,False,False,
20329,120120,1,4,1,1,10,14,1,False,,True,True,True,True,False,True,617 2113 3893 4817 6467 6623 7547 7897 9197 10627 10823 12473 13397 13553 13903 14827 15203 16127 16477 16633
20521,120120,1,1,4,6,7,2,1,False,,True,True,False,False,True,False,
21121,120120,1,1,2,1,9,7,1,False,,True,True,True,True,False,True,991 1739 2551 4729 5281 6269 6731 7459 8999 9019 9461 10559 11021 11749 13289 13751 16279 16741 18281 19009
21169,120120,1,4,1,5,5,4,1,False,,True,True,True,False,True,False,
21841,120120,1,1,1,6,1,13,1,False,,True,True,False,True,True,False,
21961,120120,1,1,2,5,4,14,1,False,,True,True,True,True,False,True,1159 2251 3161 3469 4561 5449 5471 6541 7451 7759 8851 9761 10259 12569 13171 14549 15481 16859 17461 19771
22201,120120,1,1,4,3,10,16,1,True,149,True,True,True,True,True,True,149 709 929 2711 4219 5791 6221 7079 7859 9301 10159 10939 12161 12721 12941 13799 16231 17089 17309 17869
22801,120120,1,1,2,9,12,4,1,True,151,True,True,True,True,True,True,151 619 1669 2621 3671 4441 5569 7571 8159 8341 9391 9859 11861 12449 12631 13681 16349 17399 17581 18169
23521,120120,1,1,1,3,4,10,1,False,,True,True,True,True,False,True,379 1051 1259 2381 2689 4691 6749 7321 8959 9059 9631 10961 11269 12391 13271 14701 15329 16759 17639 18761
23641,120120,1,1,2,2,7,11,1,False,,True,True,False,False,False,False,
24049,120120,1,4,4,3,12,11,1,False,,True,True,True,True,False,True,863 1633 1997 2777 4373 4867 5143 8003 8377 8783 10873 11237 12007 12017 12787 14383 15647 17243 18013 18023
24361,120120,1,1,1,7,12,0,1,False,,True,True,False,True,True,False,
24649,120120,1,4,2,9,1,16,1,True,157,True,True,True,True,True,True,157 1873 2027 3847 4133 6163 6317 7697 8033 8137 9853 11987 12037 12323 13703 14143 15887 16327 17707 17993
24721,120120,1,1,4,4,8,3,1,False,,True,True,True,False,False,False,
25489,120120,1,4,2,2,9,6,1,False,,True,True,False,True,False,False,
26041,120120,1,1,1,4,2,14,1,False,,True,True,True,False,False,False,
26209,120120,1,4,1,7,1,12,1,False,,True,True,False,True,False,False,
26569,120120,1,4,4,4,10,15,1,True,163,True,True,True,True,True,True,163 383 1307 4387 5623 5843 6767 7247 7313 9847 10393 11317 12707 12773 13253 14177 15853 16777 17257 17323
27721,120120,1,1,1,1,5,11,1,False,,True,True,True,False,False,False,
27889,120120,1,4,1,4,4,9,1,True,167,True,True,True,True,True,True,167 713 1597 2143 2407 3863 4717 5293 6173 7603 7867 8413 10177 10723 13847 13873 16157 16183 19307 19853
28081,120120,1,1,4,9,1,14,1,False,,True,True,True,True,False,True,1559 1741 2599 3589 4601 5591 6421 6449 7411 8269 9749 10271 11569 13571 14429 14611 15419 15601 16459 18461
28681,120120,1,1,2,4,3,2,1,False,,True,True,True,True,True,True,1109 1439 2279 3181 5729 6569 6829 6899 8831 11119 11189 11449 12289 13121 13451 14291 15739 16579 16909 17741
28921,120120,1,1,4,2,9,4,1,False,,True,True,False,True,True,False,
29401,120120,1,1,1,9,8,8,1,False,,True,True,True,False,True,False,
29761,120120,1,1,4,6,4,11,1,False,,True,True,False,True,False,False,
29929,120120,1,4,4,9,3,9,1,True,173,True,True,True,True,True,True,173 1213 2357 4177 4793 5833 6977 7037 8363 8797 10183 11657 12367 12983 13043 14803 15227 16987 17047 17663
30241,120120,1,1,1,2,3,15,1,False,,True,True,False,True,True,False,
31201,120120,1,1,2,5,1,6,1,False,,True,True,True,True,False,True,389 521 1481 3329 3769 4679 5771 6241 7619 10399 10531 11491 12401 13339 14249 14689 15341 15781 16691 17629
31249,120120,1,4,1,9,10,3,1,False,,True,True,True,True,False,True,1163 2087 3347 3737 4843 5167 8093 9353 9743 10277 10667 11173 11927 12097 13357 13747 16283 16673 17933 18103
32041,120120,1,1,2,9,9,13,1,True,179,True,True,True,True,True,True,179 1999 3539 3721 4001 4469 6289 7829 8011 8291 10189 11729 12191 13549 14011 14479 15551 16019 16481 17839
32089,120120,1,4,1,2,5,10,1,False,,True,True,False,False,False,False,
32761,120120,1,1,1,3,1,2,1,True,181,True,True,True,True,True,True,181 391 2029 4031 4549 5461 6551 7981 8189 8399 9619 9829 11621 11831 13469 14041 15989 16561 18199 18409
32881,120120,1,1,2,2,4,3,1,False,,True,True,False,True,False,False,
33049,120120,1,4,2,5,3,1,1,False,,True,True,True,True,True,True,997 1907 2383 2713 3007 3293 3623 7003 7297 7627 7913 9013 11917 12107 13303 13633 16397 16727 17923 18113
33289,120120,1,4,4,3,9,3,1,False,,True,True,True,True,False,True,523 1843 2623 2987 3383 4163 5483 7387 8167 8993 9487 11027 12997 13393 14173 14537 15493 15857 16637 17033
33601,120120,1,1,1,7,9,9,1,False,,True,True,False,True,True,False,
34609,120120,1,4,1,3,3,14,1,False,,True,True,True,True,False,True,797 1777 2227 2843 3163 5417 6803 6847 7783 8233 8597 10807 11423 12853 13217 14603 15427 16813 17177 18607
35281,120120,1,1,1,4,12,6,1,False,,True,True,True,True,False,True,629 1399 2059 3401 4061 4831 5179 7181 7379 7951 8611 10639 12641 12839 13411 14071 15959 16619 17191 17389
35401,120120,1,1,2,3,2,7,1,False,,True,True,True,False,False,False,
35641,120120,1,1,4,1,8,9,1,False,,True,True,True,False,True,False,
36241,120120,1,1,2,7,10,14,1,False,,True,True,False,True,False,False,
36481,120120,1,1,4,5,3,16,1,True,191,True,True,True,True,True,True,191 719 1811 2669 4429 5339 5581 6431 7289 10201 10729 11821 12679 12731 13589 14681 15349 16441 17299 17351
36961,120120,1,1,1,1,2,3,1,False,,True,True,True,False,False,False,
37129,120120,1,4,1,4,1,1,1,False,,True,True,True,True,True,True,937 1483 1637 3067 4523 6917 6943 7097 7643 8527 9073 11647 12377 12923 13103 14533 15497 16927 17107 17653
37249,120120,1,4,2,3,4,2,1,True,193,True,True,True,True,True,True,193 1523 2117 2173 3833 4483 5527 5813 7837 8123 9817 11533 11897 12127 13843 14207 15823 16187 17903 18133
37489,120120,1,4,4,1,10,4,1,False,,True,True,True,True,True,True,397 527 2333 3257 3607 3673 6337 6403 6533 9263 9613 10537 10757 12343 13267 13487 16543 16763 17687 19273
37801,120120,1,1,1,5,10,10,1,False,,True,True,True,True,False,True,631 799 1709 2281 2801 6299 7729 8639 9211 9379 9731 10289 11381 11719 12811 13721 16309 17219 18311 18649
38089,120120,1,4,2,7,12,9,1,False,,True,True,False,True,True,False,
38329,120120,1,4,4,5,5,11,1,False,,True,True,True,False,False,False,
38641,120120,1,1,1,9,5,0,1,False,,True,True,True,False,True,False,
38809,120120,1,4,1,1,4,15,1,True,197,True,True,True,True,True,True,197 2507 2927 5237 6203 8513 8777 8933 10207 11087 11243 11507 12517 12937 13817 14783 15247 16213 17093 17513
39001,120120,1,1,4,6,1,3,1,False,,True,True,False,True,False,False,
39601,120120,1,1,2,1,3,8,1,True,199,True,True,True,True,True,True,199 529 2089 2201 2531 4091 4819 5191 6821 7921 9481 9811 12211 12541 13199 14101 15929 16831 17489 17819
39649,120120,1,4,1,5,12,5,1,False,,True,True,True,True,False,True,1217 1357 1877 2647 3557 7223 7363 7883 8653 9563 10457 11227 11887 12137 12797 13567 16463 17233 17893 18143
40321,120120,1,1,1,6,8,14,1,False,,True,True,False,False,False,False,
40681,120120,1,1,4,3,4,0,1,False,,True,True,True,True,True,True,401 1601 1909 2459 3239 3911 4769 5549 8101 10411 11611 12469 13249 13921 14471 14779 15251 15559 16109 16781
42121,120120,1,1,2,2,1,12,1,False,,True,True,False,True,False,False,
43201,120120,1,1,4,4,2,4,1,False,,True,True,True,False,True,False,
43369,120120,1,4,4,7,1,2,1,False,,True,True,False,True,True,False,
44521,120120,1,1,1,4,9,15,1,True,211,True,True,True,True,True,True,211 1219 2759 3221 3331 5249 6679 8219 8681 8791 9799 11339 11801 12769 13231 14771 15259 16799 17261 18229
44641,120120,1,1,2,3,12,16,1,False,,True,True,True,True,True,True,941 1061 1711 2579 3349 5351 5429 6661 8299 9719 10301 10951 11071 12589 14591 14669 15361 15439 17441 18959
44881,120120,1,1,4,1,5,1,1,False,,True,True,True,False,True,False,
45049,120120,1,4,4,4,4,16,1,False,,True,True,True,True,True,True,1003 2147 2693 3313 4457 5003 6697 8153 9007 9557 10463 11867 12157 12703 14467 15013 15017 15563 17327 17873
45481,120120,1,1,2,7,7,6,1,False,,True,True,False,False,False,False,
46201,120120,1,1,1,1,12,12,1,False,,True,True,True,True,False,True,2309 2969 3541 3739 5039 5699 5741 6271 6469 8471 11549 12319 12979 14279 14321 14981 15049 15709 15751 17051
46489,120120,1,4,2,3,1,11,1,False,,True,True,True,True,False,True,1117 1403 2887 4603 4757 4967 5407 7123 8893 9047 9257 10763 10973 11413 14767 14977 15053 15263 18617 19057
46561,120120,1,1,4,9,8,15,1,False,,True,True,True,False,True,False,
47161,120120,1,1,2,4,10,3,1,False,,True,True,True,True,False,True,409 1879 2411 2671 3049 3881 5051 6961 7339 8131 9341 9601 10679 12421 13891 14969 15061 16139 17609 19351
47329,120120,1,4,2,7,9,1,1,False,,True,True,False,True,True,False,
47401,120120,1,1,4,2,3,5,1,False,,True,True,False,True,False,False,
48049,120120,1,4,1,1,1,7,1,False,,True,True,True,True,False,True,727 1847 2003 3277 4003 4577 6007 6733 7853 9283 9437 10583 11857 12013 12167 14587 15443 17863 18017 18173
48409,120120,1,4,4,9,10,10,1,False,,True,True,True,True,False,True,877 943 2203 3127 3803 5063 5987 6883 7807 8027 9067 9133 11993 13813 14033 14957 15073 15997 16217 18037
48721,120120,1,1,1,2,10,16,1,False,,True,True,False,True,True,False,
48889,120120,1,4,1,5,9,14,1,False,,True,True,True,True,False,True,1063 1973 2603 3403 4033 4943 5977 6497 6607 7517 8947 11983 12503 12613 13523 14953 15077 16507 17417 17527
49009,120120,1,4,2,4,12,15,1,False,,True,True,True,True,True,True,1487 1747 2033 2257 2803 3203 3973 6037 7207 7493 7753 8263 11497 12043 12527 13213 16817 17503 17987 18533
49561,120120,1,1,1,6,5,6,1,False,,True,True,False,False,False,False,
49681,120120,1,1,2,5,8,7,1,False,,True,True,True,False,False,False,
49729,120120,1,4,1,9,4,4,1,True,223,True,True,True,True,True,True,223 2533 3473 5657 5783 6047 7477 7967 8357 9787 11663 12053 13483 13973 14237 14363 15667 15793 16057 16547
49921,120120,1,1,4,3,1,9,1,False,,True,True,True,True,True,True,1171 3691 4471 4681 5329 5539 6319 7331 7541 8321 8839 9179 10841 11699 12479 12689 17341 17551 18331 19189
50521,120120,1,1,2,9,3,14,1,False,,True,True,True,True,False,True,641 1361 2461 2929 3259 4931 5261 6751 7081 7549 9551 10469 10651 11371 14759 14941 15089 15271 18659 19379
50569,120120,1,4,1,2,12,11,1,False,,True,True,False,True,False,False,
51241,120120,1,1,1,3,8,3,1,False,,True,True,True,False,False,False,
51529,120120,1,4,2,5,10,2,1,True,227,True,True,True,True,True,True,227 1943 2867 4063 5947 6233 6857 7157 8873 10237 11147 11953 12863 12877 13163 13787 16243 16867 17153 17167
51769,120120,1,4,4,3,3,4,1,False,,True,True,True,True,True,True,1447 2063 2557 3943 4307 5087 6067 7453 8563 8927 9707 10313 11093 12073 14317 14933 15097 15713 17957 18937
52081,120120,1,1,1,7,3,10,1,False,,True,True,False,True,False,False,
52441,120120,1,1,4,4,12,13,1,True,229,True,True,True,True,True,True,229 541 2231 3089 4321 4919 5689 7691 8549 9469 9781 11471 12241 12329 13099 14929 15101 16931 17701 17789
53089,120120,1,4,1,3,10,15,1,False,,True,True,True,True,True,True,643 1007 1567 2437 5363 6077 7013 7573 7937 8443 9367 11017 12083 13007 13943 14657 15373 16087 17023 17947
53881,120120,1,1,2,3,9,8,1,False,,True,True,True,True,True,True,731 809 1271 2909 3559 5099 5561 6451 7199 10741 10819 11281 12821 12919 14459 14921 15109 15571 17111 17209
53929,120120,1,4,1,7,5,5,1,False,,True,True,False,False,False,False,
54121,120120,1,1,4,1,2,10,1,False,,True,True,True,False,False,False,
54289,120120,1,4,4,4,1,8,1,True,233,True,True,True,True,True,True,233 1223 2627 4237 4783 5227 5773 5927 8087 8633 10243 11233 11387 11933 12637 14093 15937 17393 18097 18643
54721,120120,1,1,2,7,4,15,1,False,,True,True,False,True,True,False,
54961,120120,1,1,4,5,10,0,1,False,,True,True,True,True,True,True,1489 2581 3439 3491 3659 4349 5441 6571 7429 8521 9431 10589 13501 13669 14359 14579 15451 15671 16361 16529
55441,120120,1,1,1,1,9,4,1,False,,True,True,True,True,True,True,419 881 1121 1849 2311 3851 7589 7699 8161 9701 10319 10429 10891 11131 12431 13861 16169 17599 18899 19139
55801,120120,1,1,4,9,5,7,1,False,,True,True,True,False,False,False,
55969,120120,1,4,4,1,4,5,1,False,,True,True,True,True,False,True,947 1363 1783 1913 4093 4223 4643 5917 6953 8227 8647 10957 11923 13067 14233 14653 15377 15797 16963 18107
56281,120120,1,1,1,5,4,11,1,False,,True,True,True,True,False,True,1679 3109 3989 4019 4591 5111 5419 6329 6901 7421 11689 12599 13691 13999 14029 14909 15121 16001 16031 16339
56401,120120,1,1,2,4,7,12,1,False,,True,True,True,False,False,False,
56809,120120,1,4,4,5,12,12,1,False,,True,True,True,True,False,True,733 1643 2413 3593 4363 5273 5507 5647 7597 8507 9277 11513 11653 13603 14513 14747 15283 15517 16427 18377
57121,120120,1,1,1,9,12,1,1,True,239,True,True,True,True,True,True,239 421 811 1009 3011 7769 8429 8819 9001 9199 9589 10249 11201 11591 12251 13021 17009 17779 18439 18829
57481,120120,1,1,4,6,8,4,1,False,,True,True,False,False,True,False,
57961,120120,1,1,1,2,7,8,1,False,,True,True,False,False,True,False,
58081,120120,1,1,2,1,10,9,1,True,241,True,True,True,True,True,True,241 1319 2971 3959 4049 6689 7039 8249 9041 9769 10979 11329 11771 13331 13969 14059 15971 16061 16699 18259
58249,120120,1,4,2,4,9,7,1,False,,True,True,True,True,False,True,647 1817 2363 3643 6107 6367 6653 7823 7907 10657 11827 12113 12197 12373 13367 13913 16117 16663 17657 17833
58801,120120,1,1,1,6,2,15,1,False,,True,True,False,False,True,False,
58969,120120,1,4,1,9,1,13,1,False,,True,True,True,True,True,True,547 883 1273 3457 4733 5123 6553 6707 7307 8737 9127 9463 12713 13313 14743 14897 15133 15287 16717 17317
59929,120120,1,4,2,1,12,4,1,False,,True,True,True,True,True,True,1123 1607 3167 4883 5897 7613 8117 8887 9173 10847 11617 11903 12407 13177 14123 14893 15137 15907 16853 17623
60481,120120,1,1,1,3,5,12,1,False,,True,True,True,False,False,False,
60601,120120,1,1,2,2,8,13,1,False,,True,True,False,False,True,False,
61681,120120,1,1,4,4,9,5,1,False,,True,True,True,True,False,True,1069 1531 2389 3071 3929 4079 4391 7621 8479 8941 9539 10481 13081 13939 14089 14401 15629 15941 16091 16949
62449,120120,1,4,2,2,10,8,1,False,,True,True,False,True,True,False,
63001,120120,1,1,1,4,3,16,1,True,251,True,True,True,True,True,True,251 1681 1751 2869 3709 4871 5711 6301 7141 8329 9689 10261 10331 11761 14309 14881 15149 15721 18269 19699
63361,120120,1,1,4,1,12,2,1,False,,True,True,True,True,True,True,551 1321 1409 1451 2179 4181 6599 7831 8689 9329 10561 10691 11419 11461 13421 14191 15839 16609 18569 18611
64201,120120,1,1,4,5,7,9,1,False,,True,True,True,False,True,False,
64849,120120,1,4,1,4,5,11,1,False,,True,True,True,False,False,False,
65041,120120,1,1,4,9,2,16,1,False,,True,True,True,False,True,False,
65209,120120,1,4,4,1,1,14,1,False,,True,True,True,True,False,True,1013 1717 2287 4993 5017 5147 6137 7723 7877 8293 8867 11023 11153 12143 13883 14873 15157 16147 17887 18877
65521,120120,1,1,1,5,1,3,1,False,,True,True,True,True,False,True,1819 2339 2911 3821 4759 5251 5669 6761 7099 8191 9101 10919 12349 13259 13831 14351 15679 16199 16771 17681
65641,120120,1,1,2,4,4,4,1,False,,True,True,True,True,True,True,431 739 1571 2719 2741 4721 4981 5029 7031 7291 9271 10441 11581 12751 12989 14731 15299 17041 17279 18449
65809,120120,1,4,2,7,3,2,1,False,,True,True,False,True,True,False,
65881,120120,1,1,4,2,10,6,1,False,,True,True,False,True,False,False,
66049,120120,1,4,4,5,9,4,1,True,257,True,True,True,True,True,True,257 653 887 2207 4657 5353 6263 6893 8213 10267 10663 10897 11807 12217 13127 13757 16273 16903 17813 18223
66361,120120,1,1,1,9,9,10,1,False,,True,True,True,True,False,True,1609 3149 3611 4579 4859 4969 5041 5431 6581 6971 8401 13049 13159 13439 13621 14869 15161 16409 16591 16871
66721,120120,1,1,4,6,5,13,1,False,,True,True,False,False,True,False,
66889,120120,1,4,4,9,4,11,1,False,,True,True,True,True,False,True,817 1367 1493 3187 3677 4513 5497 6823 7373 9193 9683 10337 11377 11503 12647 13687 16343 17383 18527 18653
67201,120120,1,1,1,2,4,0,1,False,,True,True,False,True,True,False,
67321,120120,1,1,2,1,7,1,1,False,,True,True,True,False,True,False,
67369,120120,1,4,1,5,3,15,1,False,,True,True,True,True,True,True,433 953 3527 4957 5053 5573 5867 8147 9533 9577 10487 10963 11873 13537 14153 14447 15583 15877 16493 18157
68041,120120,1,1,1,6,12,7,1,False,,True,True,False,True,False,False,
68161,120120,1,1,2,5,2,8,1,False,,True,True,True,False,True,False,
68401,120120,1,1,4,3,8,10,1,False,,True,True,True,False,False,False,
69001,120120,1,1,2,9,10,15,1,False,,True,True,True,True,True,True,1229 1411 2489 4309 5519 5701 6311 6779 8599 9419 10601 11239 12499 13241 13709 14501 15529 16321 16789 17531
69169,120120,1,4,2,1,9,13,1,True,263,True,True,True,True,True,True,263 1277 1453 2993 3013 4267 4553 5743 6997 7283 8557 10273 11287 12737 13003 14563 15467 17027 17293 18743
69721,120120,1,1,1,3,2,4,1,False,,True,True,True,False,True,False,
70009,120120,1,4,2,5,4,3,1,False,,True,True,True,True,False,True,557 1753 2537 4253 4847 6563 8257 8543 9167 10567 10853 11477 12547 13457 14263 14857 15173 15767 16573 17483
70249,120120,1,4,4,3,10,5,1,False,,True,True,True,True,False,True,1073 1787 1853 4153 4933 5077 5297 5857 7793 8717 11083 11303 11797 11863 12227 14723 15307 17803 18167 18233
70561,120120,1,1,1,7,10,11,1,False,,True,True,False,True,False,False,
70849,120120,1,4,2,9,12,10,1,False,,True,True,True,True,False,True,437 2153 3853 4337 5387 6157 6443 8627 9677 10343 10447 11393 12163 13577 14347 14633 15397 15683 16453 17867
71089,120120,1,4,4,7,5,12,1,False,,True,True,False,False,False,False,
71569,120120,1,4,1,3,4,16,1,False,,True,True,True,True,True,True,743 2953 3053 3317 4747 5263 5627 7057 8387 9323 10697 10753 11633 13063 13327 14393 15637 16703 16967 18397
72361,120120,1,1,2,3,3,9,1,True,269,True,True,True,True,True,True,269 1369 3371 4021 4351 5659 5989 7661 7739 7991 8641 10279 12029 12281 12359 13381 16649 17671 17749 18001
72409,120120,1,4,1,7,12,6,1,False,,True,True,False,True,False,False,
72601,120120,1,1,4,1,9,11,1,False,,True,True,True,True,False,True,439 1979 2441 3169 3299 4709 5171 6029 6841 9571 11989 12451 13309 13991 14719 14849 15181 15311 16039 16721
73441,120120,1,1,4,5,4,1,1,True,271,True,True,True,True,True,True,271 821 1129 1181 2039 3131 5969 8279 8881 9739 10831 11191 11741 12049 13141 14051 15979 16889 17981 18289
73921,120120,1,1,1,1,3,5,1,False,,True,True,True,True,False,True,659 1231 3389 3961 4619 6049 7349 8051 8779 9239 10669 10781 11969 12671 13399 14629 15401 16631 17359 18061
74281,120120,1,1,4,9,12,8,1,False,,True,True,True,True,True,True,1279 3281 3869 4051 4139 4909 5101 5959 6911 7961 8731 12059 13109 13291 13879 14149 15881 16151 16739 16921
74881,120120,1,1,2,4,1,13,1,False,,True,True,True,True,True,True,1949 2209 2341 3511 4211 6059 6499 7669 7801 8501 9671 10349 11519 11959 13961 14221 15809 16069 18071 18511
75121,120120,1,1,4,2,7,15,1,False,,True,True,False,False,True,False,
75769,120120,1,4,1,1,5,0,1,False,,True,True,True,False,True,False,
75961,120120,1,1,4,6,2,5,1,False,,True,True,False,False,False,False,
76129,120120,1,4,4,9,1,3,1,False,,True,True,True,True,False,True,443 2263 2417 3407 3743 4447 5563 7747 8423 9413 10453 10607 11597 12427 13417 13753 16277 16613 17603 18433
76441,120120,1,1,1,2,1,9,1,False,,True,True,False,True,True,False,
76561,120120,1,1,2,1,4,10,1,False,,True,True,True,True,False,True,661 1649 2069 3629 4379 5939 6359 8669 9349 11351 11659 12079 13639 13661 14081 14389 15641 15949 16369 16391
76729,120120,1,4,2,4,3,8,1,True,277,True,True,True,True,True,True,277 563 823 893 3727 4567 4897 5113 5183 5443 6283 9187 9733 10573 10903 14837 15193 19127 19457 20297
77281,120120,1,1,1,6,9,16,1,False,,True,True,False,True,True,False,
77401,120120,1,1,2,5,12,0,1,False,,True,True,True,True,True,True,1019 1789 2699 3791 3931 5309 6079 6989 8081 8221 11029 11939 12709 13031 13801 14711 15319 16229 16999 17321
77641,120120,1,1,4,3,5,2,1,False,,True,True,True,False,True,False,
78241,120120,1,1,2,9,7,7,1,False,,True,True,True,False,False,False,
78289,120120,1,4,1,2,3,4,1,False,,True,True,False,True,True,False,
78961,120120,1,1,1,3,12,13,1,True,281,True,True,True,True,True,True,281 1721 1919 2491 3151 6089 6859 7519 8861 9521 10291 10499 11159 11731 11929 13931 16099 18101 18299 18871
79081,120120,1,1,2,2,2,14,1,False,,True,True,False,False,False,False,
79249,120120,1,4,2,5,1,12,1,False,,True,True,True,True,False,True,1327 1613 2237 2677 4393 5617 6527 7333 7487 8243 8683 11623 11777 12247 12533 13493 16537 17497 17783 18253
79801,120120,1,1,1,7,7,3,1,False,,True,True,False,False,False,False,
80089,120120,1,4,2,9,9,2,1,True,283,True,True,True,True,True,True,283 1537 1823 2467 4007 4183 5723 5827 7543 8473 9727 10007 10013 11833 14017 14297 15733 16013 18197 20017
80161,120120,1,1,4,4,3,6,1,False,,True,True,True,True,False,True,2011 2539 2609 2851 4541 5399 7159 7471 7999 9161 10001 10019 10859 12619 14551 14621 15409 15479 17411 19171
80809,120120,1,4,1,3,1,8,1,False,,True,True,True,True,True,True,1457 2183 2393 3613 3823 3977 6187 6397 7463 9983 10037 11467 12193 12403 12557 13987 16043 17473 17627 17837
80929,120120,1,4,2,2,4,9,1,False,,True,True,False,True,True,False,
81481,120120,1,1,1,4,10,0,1,False,,True,True,True,True,True,True,449 1021 2099 3529 5531 5909 6481 7559 8989 9029 10459 10991 12109 12461 14111 14489 15541 15919 17569 17921
81649,120120,1,4,1,7,9,15,1,False,,True,True,False,True,True,False,
82009,120120,1,4,4,4,5,1,1,False,,True,True,True,False,True,False,
82441,120120,1,1,2,7,8,8,1,False,,True,True,False,False,True,False,
82681,120120,1,1,4,5,1,10,1,False,,True,True,True,True,False,True,961 1951 2809 3901 4811 6109 7201 8059 8111 8969 9049 9959 10061 11051 11909 14821 15209 18121 18979 19969
83329,120120,1,4,1,4,12,12,1,False,,True,True,True,True,False,True,827 1373 3947 4607 4633 5377 6833 9407 9953 10067 10613 10837 11383 13187 13957 14617 15413 16073 16843 18647
83521,120120,1,1,4,9,9,0,1,True,289,True,True,True,True,True,True,289 569 751 2291 4111 5899 7439 7901 8759 9259 9721 10579 11261 12119 12301 12581 17449 17729 17911 18769
84001,120120,1,1,1,5,8,4,1,False,,True,True,True,False,True,False,
84289,120120,1,4,2,7,10,3,1,False,,True,True,False,True,False,False,
84361,120120,1,1,4,2,4,7,1,False,,True,True,False,True,False,False,
84529,120120,1,4,4,5,3,5,1,False,,True,True,True,True,False,True,667 1283 1577 3337 4723 5287 6197 6673 7583 7817 9343 11293 11587 12203 12437 13823 16207 17593 17827 18443
84841,120120,1,1,1,9,3,11,1,False,,True,True,True,True,False,True,1499 1889 2071 3319 5321 6119 6509 6691 7939 9941 10079 11509 11899 13511 13901 14699 15331 16129 16519 18131
85201,120120,1,1,4,6,12,14,1,False,,True,True,False,True,False,False,
85801,120120,1,1,2,1,1,2,1,False,,True,True,True,True,True,True,571 2419 3301 4421 4861 5149 6709 7151 7591 8579 8711 9439 11309 11441 12869 14431 15599 17161 18589 18721
85849,120120,1,4,1,5,10,16,1,True,293,True,True,True,True,True,True,293 1723 2633 3373 4283 4297 5207 5713 6637 8287 8807 10303 11213 12643 14293 14813 15217 15737 17387 18817
86641,120120,1,1,2,5,9,9,1,False,,True,True,True,True,True,True,829 1459 1921 2369 2831 3461 5639 8089 8551 9181 9929 10091 12379 12841 13471 14381 15649 16559 17189 17651
86689,120120,1,4,1,9,5,6,1,False,,True,True,True,False,False,False,
86881,120120,1,1,4,3,2,11,1,False,,True,True,True,False,False,False,
87481,120120,1,1,2,9,4,16,1,False,,True,True,True,True,True,True,899 1081 3209 3391 4799 6619 7109 8621 8929 9089 10909 10931 11399 12911 13219 14809 15221 16811 17119 18631
87649,120120,1,4,2,1,3,14,1,False,,True,True,True,True,False,True,1187 3917 5477 5807 7193 8207 8537 9923 10097 11197 11483 11813 12827 13927 14213 14543 15487 15817 16103 17203
88201,120120,1,1,1,3,9,5,1,False,,True,True,True,True,False,True,2129 2239 2701 4241 4339 5671 5879 6341 7309 7771 9311 10709 12139 13679 14141 14251 15779 15889 16351 17891
88321,120120,1,1,2,2,12,6,1,False,,True,True,False,True,False,False,
88729,120120,1,4,4,3,4,6,1,False,,True,True,True,True,False,True,457 1237 2767 3547 4097 6407 6463 7243 7607 8773 9553 9917 10103 12413 13613 14107 15923 16417 17617 19927
89041,120120,1,1,1,7,4,12,1,False,,True,True,False,True,False,False,
89569,120120,1,4,4,7,12,13,1,False,,True,True,False,True,True,False,
90169,120120,1,4,2,2,1,1,1,False,,True,True,False,True,True,False,
90721,120120,1,1,1,4,7,9,1,False,,True,True,True,False,True,False,
90841,120120,1,1,2,3,10,10,1,False,,True,True,True,True,False,True,1501 1579 2789 3581 4141 5219 5869 7871 8431 8509 9509 10511 12149 12799 13591 14801 15229 16439 17231 17881
91081,120120,1,1,4,1,3,12,1,False,,True,True,True,True,False,True,901 1759 3631 3761 4489 5521 6379 6491 8251 8381 8909 9109 11111 11639 13529 13771 16259 16501 18391 18919
92401,120120,1,1,1,1,10,6,1,False,,True,True,True,True,False,True,461 1189 1541 1891 3191 4621 5389 7391 8119 8821 9899 10121 10471 11551 12629 13201 16829 17401 18479 19559
92569,120120,1,4,1,4,9,4,1,False,,True,True,True,True,True,True,673 757 2213 3247 3793 4787 5333 6217 6763 9227 9253 9337 10793 12223 14687 14797 15233 15343 17807 19237
92689,120120,1,4,2,3,12,5,1,False,,True,True,True,True,False,True,577 2293 2657 3427 3713 6583 6947 7067 7717 8663 9433 11357 12667 12953 13073 13723 16307 16957 17077 17363
92929,120120,1,4,4,1,5,7,1,False,,True,True,True,False,False,False,
93241,120120,1,1,1,5,5,13,1,False,,True,True,True,False,True,False,
93361,120120,1,1,2,4,8,14,1,False,,True,True,True,False,False,False,
93601,120120,1,1,4,2,1,16,1,False,,True,True,False,True,True,False,
94249,120120,1,4,1,1,12,1,1,True,307,True,True,True,True,True,True,307 463 967 2267 3037 3697 5543 6313 6973 8273 9043 9547 9703 11747 12277 14477 15553 17753 18283 20327
94441,120120,1,1,4,6,9,6,1,False,,True,True,False,True,False,False,
94921,120120,1,1,1,2,8,10,1,False,,True,True,False,False,False,False,
95209,120120,1,4,2,4,10,9,1,False,,True,True,True,True,True,True,1333 2957 4127 4673 5597 8417 8677 8963 9887 10133 11057 11603 12967 14137 14423 14683 15347 15607 15893 17063
95761,120120,1,1,1,6,3,0,1,False,,True,True,False,True,True,False,
96121,120120,1,1,4,3,12,3,1,False,,True,True,True,True,False,True,1139 2371 3229 4009 5231 6001 6011 6781 6869 7639 9641 10379 11149 13151 14009 14789 15241 16021 16879 18881
96721,120120,1,1,2,9,1,8,1,True,311,True,True,True,True,True,True,311 1691 2131 2159 3979 5849 5981 6031 7879 9881 10139 10321 11701 12169 14039 14171 15859 15991 17861 18329
96769,120120,1,4,1,2,10,5,1,False,,True,True,False,True,False,False,
97561,120120,1,1,2,2,9,15,1,False,,True,True,False,True,True,False,
97969,120120,1,4,4,3,1,15,1,True,313,True,True,True,True,True,True,313 467 677 2833 3173 5693 6473 6683 7177 9697 10477 10687 13183 13337 13547 14327 15703 16483 16693 16847
98281,120120,1,1,1,7,1,4,1,False,,True,True,False,True,True,False,
98569,120120,1,4,2,9,3,3,1,False,,True,True,True,True,False,True,1543 2747 3077 4463 6647 7367 8467 8753 9083 10937 11267 12653 12757 13087 13373 14473 15557 16657 16943 17273
98641,120120,1,1,4,4,10,7,1,False,,True,True,True,True,False,True,761 1241 1619 3841 4699 5311 6169 6389 6701 8171 10771 11251 11629 11849 13319 13631 16399 16711 18181 18401
98809,120120,1,4,4,7,9,5,1,False,,True,True,False,True,False,False,
99961,120120,1,1,1,4,4,1,1,False,,True,True,True,True,True,True,1289 1861 3599 4171 4409 5839 6719 7841 8149 9869 10151 11299 12179 13301 13609 14419 15611 16421 16729 17851
100129,120120,1,4,1,7,3,16,1,False,,True,True,False,True,True,False,
100489,120120,1,4,4,4,12,2,1,True,317,True,True,True,True,True,True,317 1087 2543 2917 3463 5777 6323 6547 7093 8237 8923 10327 11783 12553 13697 14243 15787 16333 17477 18247
100921,120120,1,1,2,7,2,9,1,False,,True,True,False,False,True,False,
101161,120120,1,1,4,5,8,11,1,False,,True,True,True,False,False,False,
101641,120120,1,1,1,1,7,15,1,False,,True,True,True,False,True,False,
101929,120120,1,4,2,3,9,14,1,False,,True,True,True,True,False,True,907 1193 2447 3097 4813 5197 6737 6913 7277 8453 9103 11203 11567 12457 12743 13283 16747 17287 17573 18463
102001,120120,1,1,4,9,3,1,1,False,,True,True,True,True,True,True,971 1031 1829 2791 3649 5651 6179 6361 7219 9221 10799 10981 11041 11839 13841 14369 15661 16189 18191 18989
102481,120120,1,1,1,5,2,5,1,False,,True,True,True,False,False,False,
103009,120120,1,4,4,5,10,6,1,False,,True,True,True,True,False,True,1423 1657 2347 2567 4517 4583 7663 8353 8573 8587 9497 10523 11447 12577 14527 14593 15437 15503 17453 18583
103321,120120,1,1,1,9,10,12,1,False,,True,True,True,True,False,True,839 2269 2659 3919 4271 4661 5921 6091 7169 7351 7741 10849 12851 14099 14281 14671 15359 15749 15931 17179
103489,120120,1,4,1,1,9,10,1,False,,True,True,True,True,False,True,1583 1693 4157 4313 4423 5587 6887 7127 8317 9857 10163 11593 12893 13133 14167 14323 15707 15863 16897 17137
103849,120120,1,4,4,9,5,13,1,False,,True,True,True,False,True,False,
104161,120120,1,1,1,2,5,2,1,False,,True,True,False,False,True,False,
104281,120120,1,1,2,1,8,3,1,False,,True,True,True,False,False,False,
104329,120120,1,4,1,5,4,0,1,True,323,True,True,True,True,True,True,323 587 1987 2017 2897 4327 5683 6593 7993 8023 8903 10333 10597 11117 12907 13427 16603 17123 18913 19433
105121,120120,1,1,2,5,3,10,1,False,,True,True,True,True,False,True,1291 1621 2999 4099 5009 5911 6101 8389 8719 9299 9629 10391 10721 13009 13919 15011 15019 16111 17021 19309
105169,120120,1,4,1,9,12,7,1,False,,True,True,True,True,False,True,1763 2423 2813 3193 3583 4243 4997 5767 6427 6817 9017 11003 11773 12433 12823 15007 15023 17207 17597 18257
105361,120120,1,1,4,3,9,12,1,False,,True,True,True,True,False,True,1381 2161 3019 3481 5021 6529 6991 7849 8531 8629 9389 9851 10169 10631 11489 14999 15031 18541 19399 19861
106129,120120,1,4,2,1,10,15,1,False,,True,True,True,True,True,True,683 1033 1957 2047 2243 3763 4687 4973 5323 6247 7963 8053 8977 10693 12253 14983 15047 17777 19337 21053
106681,120120,1,1,1,3,3,6,1,False,,True,True,True,True,False,True,589 841 2591 3779 4229 4801 5209 7211 8849 9169 9421 11171 12601 12809 13789 14239 15791 16241 17221 17429
107881,120120,1,1,4,4,7,16,1,False,,True,True,True,False,True,False,
108529,120120,1,4,1,3,5,1,1,False,,True,True,True,False,True,False,
109201,120120,1,1,1,4,1,10,1,False,,True,True,True,True,False,True,911 1091 2521 2939 4369 5069 5641 6371 7489 9491 10529 10921 11101 12949 13649 14951 15079 16381 17081 18929
109321,120120,1,1,2,3,4,11,1,False,,True,True,True,True,False,True,479 1831 3811 3889 5891 6121 6199 7529 8179 8201 9839 10181 10489 11819 12491 14129 15901 17539 18211 19541
109561,120120,1,1,4,1,10,13,1,True,331,True,True,True,True,True,True,331 2399 2749 4531 4751 5479 5609 7261 7481 8339 9679 11681 12409 12539 14411 14761 15269 15619 17491 17621
109729,120120,1,4,4,4,9,11,1,False,,True,True,True,True,False,True,1927 2077 2473 3533 3617 4937 7537 7933 8083 9077 9623 10397 10943 13543 13627 14947 15083 16403 16487 19087
110161,120120,1,1,2,7,12,1,1,False,,True,True,False,True,True,False,
110401,120120,1,1,4,5,5,3,1,False,,True,True,True,False,False,False,
110881,120120,1,1,1,1,4,7,1,False,,True,True,True,True,False,True,769 2771 3079 3499 4201 5081 5501 5809 6511 6931 7811 9241 12209 12781 14519 14939 15091 15511 17249 17821
111049,120120,1,4,1,4,3,5,1,False,,True,True,True,True,False,True,2297 2323 3137 3683 6257 7687 7757 8303 9143 10877 11717 12263 12307 13147 13693 13763 16267 16337 16883 17723
111409,120120,1,4,4,1,12,8,1,False,,True,True,True,True,True,True,593 2683 3323 3827 4597 5413 6557 7327 7457 9833 10187 10603 12563 13333 13463 13837 16193 16567 16697 17467
111721,120120,1,1,1,5,12,14,1,False,,True,True,True,True,False,True,2449 3359 4129 4451 4649 4789 5221 5881 6131 6791 7561 13229 13369 13889 14461 14659 15371 15569 16141 16661
111841,120120,1,1,2,4,2,15,1,False,,True,True,True,False,True,False,
112081,120120,1,1,4,2,8,0,1,False,,True,True,False,False,True,False,
112561,120120,1,1,1,9,7,4,1,False,,True,True,True,False,True,False,
112921,120120,1,1,4,6,3,7,1,False,,True,True,False,True,False,False,
113401,120120,1,1,1,2,2,11,1,False,,True,True,False,False,False,False,
113569,120120,1,4,1,5,1,9,1,True,337,True,True,True,True,True,True,337 1093 1247 3667 4187 4913 6343 7253 8917 9673 9827 10193 11257 12767 14197 14923 15107 15833 17263 18773
113689,120120,1,4,2,4,4,10,1,False,,True,True,True,True,False,True,977 3287 5267 6437 6983 7577 8747 9293 10727 10987 11273 12443 13037 13297 13583 14753 15277 16447 16733 16993
114241,120120,1,1,1,6,10,1,1,False,,True,True,False,True,True,False,
114409,120120,1,4,1,9,9,16,1,False,,True,True,True,True,True,True,1037 1147 1427 2857 4397 7043 7153 7433 8863 9617 10403 11047 11437 12587 12977 14407 15623 17053 17443 18593
115201,120120,1,1,2,9,8,9,1,False,,True,True,True,False,True,False,
115249,120120,1,4,1,2,4,6,1,False,,True,True,False,True,False,False,
116761,120120,1,1,1,7,8,5,1,False,,True,True,False,False,False,False,
117049,120120,1,4,2,9,10,4,1,False,,True,True,True,True,True,True,487 773 1697 2593 3413 3517 4777 5233 6493 7417 7703 9523 10783 11707 12317 13423 16607 17713 18323 19247
117121,120120,1,1,4,4,4,8,1,False,,True,True,True,True,True,True,691 1549 3001 3551 3859 5861 6151 7009 8461 8699 9011 9319 11009 11321 13561 14159 15871 16469 18709 19021
117289,120120,1,4,4,7,3,6,1,False,,True,True,False,True,False,False,
118561,120120,1,1,2,3,1,3,1,False,,True,True,True,True,False,True,599 1039 1249 3041 3119 3251 4889 7409 8761 8971 10609 12611 13051 13129 13261 14899 15131 16769 16901 16979
118609,120120,1,4,1,7,10,0,1,False,,True,True,False,True,True,False,
118801,120120,1,1,4,1,7,5,1,False,,True,True,True,False,False,False,
119401,120120,1,1,2,7,9,10,1,False,,True,True,False,True,False,False,
119641,120120,1,1,4,5,2,12,1,False,,True,True,True,False,False,False,
