r,n,d,a,b,x,y,z,verified,rule_modulus,lcm_120120_rule_modulus,reason_not_covered,targeted_M,total_subresidues,covered_subresidues,uncovered_subresidues
1,120121,35,38,102,30039,379822602,141502538,True,3876,38798760,rule covers only subresidues after lifting,38798760,323,4,319
289,289,11,10,34,75,8670,2550,True,340,2042040,rule covers only subresidues after lifting,2042040,17,2,15
361,361,11,6,38,93,22382,3534,True,228,2282280,rule covers only subresidues after lifting,2282280,19,2,17
529,529,23,23,69,138,12696,4232,True,276,2762760,rule covers only subresidues after lifting,2762760,23,1,22
841,841,15,2,58,214,359948,12412,True,116,3483480,rule covers only subresidues after lifting,3483480,29,2,27
961,961,19,14,62,245,67270,15190,True,868,3723720,rule covers only subresidues after lifting,3723720,31,2,29
1201,1201,23,24,68,306,61251,21618,True,408,2042040,rule covers only subresidues after lifting,2042040,17,2,15
1369,1369,19,2,74,347,950086,25678,True,148,4444440,rule covers only subresidues after lifting,4444440,37,2,35
1681,1681,11,3,41,423,948084,69372,True,492,4924920,rule covers only subresidues after lifting,4924920,41,2,39
1849,1849,11,1,43,465,3439140,79980,True,172,5165160,rule covers only subresidues after lifting,5165160,43,2,41
2209,2209,47,47,141,564,106032,35344,True,564,5645640,rule covers only subresidues after lifting,5645640,47,1,46
2521,2521,31,8,116,638,804199,55462,True,232,3483480,rule covers only subresidues after lifting,3483480,29,2,27
2641,2641,11,6,38,663,1167322,184314,True,228,2282280,rule covers only subresidues after lifting,2282280,19,2,17
2809,2809,27,2,106,709,3983162,75154,True,212,6366360,rule covers only subresidues after lifting,6366360,53,2,51
3361,3361,39,20,136,850,571370,84025,True,680,2042040,rule covers only subresidues after lifting,2042040,17,2,15
3481,3481,15,1,59,874,12169576,206264,True,236,7087080,rule covers only subresidues after lifting,7087080,59,2,57
3721,3721,31,2,122,938,6980596,114436,True,244,7327320,rule covers only subresidues after lifting,7327320,61,2,59
4369,4369,11,10,34,1095,1913622,562830,True,340,2042040,rule covers only subresidues after lifting,2042040,17,2,15
4489,4489,35,6,134,1131,3384706,151554,True,804,8048040,rule covers only subresidues after lifting,8048040,67,2,65
5041,5041,19,5,71,1265,5101492,359260,True,1420,8528520,rule covers only subresidues after lifting,8528520,71,2,69
5329,5329,47,42,146,1344,682112,196224,True,6132,8768760,rule covers only subresidues after lifting,8768760,73,2,71
5569,5569,71,2,282,1410,15704580,111380,True,564,5645640,rule covers only subresidues after lifting,5645640,47,2,45
5881,5881,39,8,148,1480,4351940,235240,True,296,4444440,rule covers only subresidues after lifting,4444440,37,2,35
6241,6241,79,158,158,1580,249640,249640,True,316,9489480,rule covers only subresidues after lifting,9489480,79,1,78
6889,6889,23,9,83,1728,5290752,573696,True,2988,29909880,rule covers only subresidues after lifting,29909880,249,2,247
7561,7561,39,4,152,1900,14365900,378050,True,152,2282280,rule covers only subresidues after lifting,2282280,19,2,17
7921,7921,23,3,89,1986,20974808,707016,True,1068,10690680,rule covers only subresidues after lifting,10690680,89,2,87
8089,8089,31,8,116,2030,8210335,566230,True,232,3483480,rule covers only subresidues after lifting,3483480,29,2,27
8761,8761,11,1,43,2193,76851492,1787244,True,172,5165160,rule covers only subresidues after lifting,5165160,43,2,41
9409,9409,51,10,194,2365,8900914,458810,True,1940,11651640,rule covers only subresidues after lifting,11651640,97,2,95
9601,9601,19,2,74,2405,46180810,1248130,True,148,4444440,rule covers only subresidues after lifting,4444440,37,2,35
10201,10201,51,2,202,2563,52290326,517726,True,404,12132120,rule covers only subresidues after lifting,12132120,101,2,99
10441,10441,27,2,106,2617,54648194,1031098,True,212,6366360,rule covers only subresidues after lifting,6366360,53,2,51
10609,10609,63,46,206,2668,2461288,549608,True,9476,284564280,rule covers only subresidues after lifting,284564280,2369,4,2365
10921,10921,23,16,76,2736,7469964,1572624,True,304,4564560,rule covers only subresidues after lifting,4564560,38,2,36
11281,11281,15,2,58,2824,63715088,2197072,True,116,3483480,rule covers only subresidues after lifting,3483480,29,2,27
11449,11449,27,1,107,2869,131388724,1227932,True,428,12852840,rule covers only subresidues after lifting,12852840,107,2,105
11881,11881,55,2,218,2984,70905808,650512,True,436,13093080,rule covers only subresidues after lifting,13093080,109,2,107
12601,12601,47,2,186,3162,79688724,856868,True,372,3723720,rule covers only subresidues after lifting,3723720,31,2,29
12721,12721,39,11,145,3190,14756360,1119448,True,6380,3483480,rule covers only subresidues after lifting,3483480,29,2,27
12769,12769,119,24,452,3222,6856953,364086,True,2712,13573560,rule covers only subresidues after lifting,13573560,113,2,111
13561,13561,11,18,26,3393,10224994,7078842,True,468,360360,rule covers only subresidues after lifting,360360,3,1,2
13729,13729,47,24,164,3444,7880446,1153236,True,984,4924920,rule covers only subresidues after lifting,4924920,41,2,39
14401,14401,39,4,152,3610,51987610,1368095,True,152,2282280,rule covers only subresidues after lifting,2282280,19,2,17
14569,14569,11,10,34,3645,21241602,6247530,True,340,2042040,rule covers only subresidues after lifting,2042040,17,2,15
15121,15121,15,16,44,3784,14304466,5201624,True,176,240240,rule covers only subresidues after lifting,240240,2,1,1
15409,15409,11,6,38,3855,39601130,6252810,True,228,2282280,rule covers only subresidues after lifting,2282280,19,2,17
15649,15649,11,15,29,3915,16337556,8450460,True,1740,3483480,rule covers only subresidues after lifting,3483480,29,2,27
16129,16129,71,30,254,4050,8709660,1028700,True,7620,15255240,rule covers only subresidues after lifting,15255240,127,2,125
16249,16249,35,2,138,4071,132299358,1917382,True,276,2762760,rule covers only subresidues after lifting,2762760,23,2,21
16921,16921,15,2,58,4234,143287028,4940932,True,116,3483480,rule covers only subresidues after lifting,3483480,29,2,27
17161,17161,39,25,131,4300,11806768,2253200,True,13100,78678600,rule covers only subresidues after lifting,78678600,655,2,653
17761,17761,15,16,44,4444,19732471,7175444,True,176,240240,rule covers only subresidues after lifting,240240,2,1,1
18001,18001,11,6,38,4503,54039002,8532474,True,228,2282280,rule covers only subresidues after lifting,2282280,19,2,17
18481,18481,19,2,74,4625,170949250,4620250,True,148,4444440,rule covers only subresidues after lifting,4444440,37,2,35
18769,18769,35,3,137,4701,117644092,2576148,True,1644,16456440,rule covers only subresidues after lifting,16456440,137,2,135
18841,18841,23,9,83,4716,39490736,4282128,True,2988,29909880,rule covers only subresidues after lifting,29909880,249,2,247
19009,19009,15,2,58,4756,180813608,6234952,True,116,3483480,rule covers only subresidues after lifting,3483480,29,2,27
19321,19321,35,1,139,4839,373977276,2690484,True,556,16696680,rule covers only subresidues after lifting,16696680,139,2,137
19681,19681,39,20,136,4930,19405466,2853745,True,680,2042040,rule covers only subresidues after lifting,2042040,17,2,15
20329,20329,11,15,29,5085,27566124,14258340,True,1740,3483480,rule covers only subresidues after lifting,3483480,29,2,27
20521,20521,63,4,248,5146,105601066,1703243,True,248,3723720,rule covers only subresidues after lifting,3723720,31,2,29
21121,21121,95,68,312,5304,6589752,1436228,True,5304,2042040,rule covers only subresidues after lifting,2042040,17,2,15
21169,21169,47,32,156,5304,14035047,2878984,True,1248,480480,rule covers only subresidues after lifting,480480,4,1,3
21841,21841,47,36,152,5472,13279328,3145104,True,1368,6846840,rule covers only subresidues after lifting,6846840,57,2,55
21961,21961,71,12,272,5508,40320396,1778841,True,816,4084080,rule covers only subresidues after lifting,4084080,34,2,32
22201,22201,75,2,298,5569,247274738,1659562,True,596,17897880,rule covers only subresidues after lifting,17897880,149,2,147
22801,22801,39,5,151,5710,104154968,3448840,True,3020,18138120,rule covers only subresidues after lifting,18138120,151,2,149
23521,23521,11,1,43,5883,553496172,12872004,True,172,5165160,rule covers only subresidues after lifting,5165160,43,2,41
23641,23641,23,24,68,5916,23310026,8227068,True,408,2042040,rule covers only subresidues after lifting,2042040,17,2,15
24049,24049,23,24,68,6018,24121147,8513346,True,408,2042040,rule covers only subresidues after lifting,2042040,17,2,15
24361,24361,19,23,53,6095,25822660,11206060,True,4876,146426280,rule covers only subresidues after lifting,146426280,1219,4,1215
24649,24649,79,2,314,6182,304760236,1941148,True,628,18858840,rule covers only subresidues after lifting,18858840,157,2,155
24721,24721,15,1,59,6184,611498656,10364384,True,236,7087080,rule covers only subresidues after lifting,7087080,59,2,57
25489,25489,11,10,34,6375,64996950,19116750,True,340,2042040,rule covers only subresidues after lifting,2042040,17,2,15
26041,26041,63,1,251,6526,679774264,2708264,True,1004,30150120,rule covers only subresidues after lifting,30150120,251,2,249
26209,26209,11,6,38,6555,114533330,18084210,True,228,2282280,rule covers only subresidues after lifting,2282280,19,2,17
26569,26569,83,6,326,6663,118019498,2172138,True,1956,19579560,rule covers only subresidues after lifting,19579560,163,2,161
27721,27721,11,6,38,6933,128126462,20230494,True,228,2282280,rule covers only subresidues after lifting,2282280,19,2,17
27889,27889,167,167,501,7014,4685352,1561784,True,2004,20060040,rule covers only subresidues after lifting,20060040,167,1,166
28081,28081,39,4,152,7030,197409430,5194985,True,152,2282280,rule covers only subresidues after lifting,2282280,19,2,17
28681,28681,11,1,43,7173,822915252,19137564,True,172,5165160,rule covers only subresidues after lifting,5165160,43,2,41
28921,28921,31,47,77,7238,17815336,10874296,True,14476,5645640,rule covers only subresidues after lifting,5645640,47,2,45
29401,29401,11,1,43,7353,864742212,20110284,True,172,5165160,rule covers only subresidues after lifting,5165160,43,2,41
29761,29761,23,24,68,7446,36933401,13035318,True,408,2042040,rule covers only subresidues after lifting,2042040,17,2,15
29929,29929,59,63,173,7497,14246204,5187924,True,43596,62342280,rule covers only subresidues after lifting,62342280,519,2,517
30241,30241,27,14,94,7567,65381042,9737602,True,1316,5645640,rule covers only subresidues after lifting,5645640,47,2,45
31201,31201,11,3,41,7803,324615204,23752332,True,492,4924920,rule covers only subresidues after lifting,4924920,41,2,39
31249,31249,107,26,402,7839,37686294,2437422,True,10452,8048040,rule covers only subresidues after lifting,8048040,67,2,65
32041,32041,179,179,537,8055,5767380,1922460,True,2148,21501480,rule covers only subresidues after lifting,21501480,179,1,178
32089,32089,55,56,164,8036,18419086,6289444,True,2296,4924920,rule covers only subresidues after lifting,4924920,41,2,39
32761,32761,91,2,362,8213,538132186,2973106,True,724,21741720,rule covers only subresidues after lifting,21741720,181,2,179
32881,32881,63,1,251,8236,1083231664,4315664,True,1004,30150120,rule covers only subresidues after lifting,30150120,251,2,249
33049,33049,11,6,38,8265,182099990,28752630,True,228,2282280,rule covers only subresidues after lifting,2282280,19,2,17
33289,33289,31,5,119,8330,221837896,9320920,True,2380,2042040,rule covers only subresidues after lifting,2042040,17,2,15
33601,33601,15,16,44,8404,70595701,25671164,True,176,240240,rule covers only subresidues after lifting,240240,2,1,1
34609,34609,23,18,74,8658,66587716,16197012,True,1332,13333320,rule covers only subresidues after lifting,13333320,111,2,109
35281,35281,47,4,184,8832,311601792,6773952,True,184,2762760,rule covers only subresidues after lifting,2762760,23,2,21
35401,35401,63,4,248,8866,313865266,5062343,True,248,3723720,rule covers only subresidues after lifting,3723720,31,2,29
35641,35641,15,2,58,8914,635407748,21910612,True,116,3483480,rule covers only subresidues after lifting,3483480,29,2,27
36241,36241,11,6,38,9063,218968122,34573914,True,228,2282280,rule covers only subresidues after lifting,2282280,19,2,17
36481,36481,59,45,191,9135,29622572,6979140,True,34380,68828760,rule covers only subresidues after lifting,68828760,573,2,571
36961,36961,11,18,26,9243,75917894,52558542,True,468,360360,rule covers only subresidues after lifting,360360,3,1,2
37129,37129,19,2,74,9287,689634046,18638758,True,148,4444440,rule covers only subresidues after lifting,4444440,37,2,35
37249,37249,391,20,1544,9410,70102618,908065,True,7720,23183160,rule covers only subresidues after lifting,23183160,193,2,191
37489,37489,47,4,184,9384,351796776,7647756,True,184,2762760,rule covers only subresidues after lifting,2762760,23,2,21
37801,37801,15,2,58,9454,714741308,24646252,True,116,3483480,rule covers only subresidues after lifting,3483480,29,2,27
38089,38089,11,3,41,9525,483730300,35394900,True,492,4924920,rule covers only subresidues after lifting,4924920,41,2,39
38329,38329,23,24,68,9588,61249742,21617556,True,408,2042040,rule covers only subresidues after lifting,2042040,17,2,15
38641,38641,23,24,68,9666,62250651,21970818,True,408,2042040,rule covers only subresidues after lifting,2042040,17,2,15
38809,38809,99,2,394,9727,754990286,3832438,True,788,23663640,rule covers only subresidues after lifting,23663640,197,2,195
39001,39001,11,1,43,9753,1521507012,35383884,True,172,5165160,rule covers only subresidues after lifting,5165160,43,2,41
39601,39601,103,14,398,9926,112308436,3950548,True,5572,23903880,rule covers only subresidues after lifting,23903880,199,2,197
39649,39649,31,62,62,9920,25375360,25375360,True,124,3723720,rule covers only subresidues after lifting,3723720,31,1,30
40321,40321,31,2,122,10088,813516496,13336336,True,244,7327320,rule covers only subresidues after lifting,7327320,61,2,59
40681,40681,19,2,74,10175,827858350,22374550,True,148,4444440,rule covers only subresidues after lifting,4444440,37,2,35
42121,42121,39,1,155,10540,1775821360,11456912,True,620,3723720,rule covers only subresidues after lifting,3723720,31,2,29
43201,43201,27,1,107,10807,1867492828,17453204,True,428,12852840,rule covers only subresidues after lifting,12852840,107,2,105
43369,43369,15,2,58,10846,940760348,32440012,True,116,3483480,rule covers only subresidues after lifting,3483480,29,2,27
44521,44521,95,169,211,11154,11753544,9413976,True,142636,329489160,rule covers only subresidues after lifting,329489160,2743,2,2741
44641,44641,47,76,112,11172,26248908,17811759,True,2128,4564560,rule covers only subresidues after lifting,4564560,38,2,36
44881,44881,11,1,43,11223,2014797852,46855764,True,172,5165160,rule covers only subresidues after lifting,5165160,43,2,41
45049,45049,11,6,38,11265,338317990,53418630,True,228,2282280,rule covers only subresidues after lifting,2282280,19,2,17
45481,45481,19,26,50,11375,79591750,41387710,True,1300,600600,rule covers only subresidues after lifting,600600,5,1,4
46201,46201,27,14,94,11557,152555702,22721062,True,1316,5645640,rule covers only subresidues after lifting,5645640,47,2,45
46489,46489,23,16,76,11628,135143523,28451268,True,304,4564560,rule covers only subresidues after lifting,4564560,38,2,36
46561,46561,51,2,202,11653,1085150666,10744066,True,404,12132120,rule covers only subresidues after lifting,12132120,101,2,99
47161,47161,35,2,138,11799,1112905278,16129062,True,276,2762760,rule covers only subresidues after lifting,2762760,23,2,21
47329,47329,11,6,38,11835,373425810,58961970,True,228,2282280,rule covers only subresidues after lifting,2282280,19,2,17
47401,47401,23,16,76,11856,140496564,29578224,True,304,4564560,rule covers only subresidues after lifting,4564560,38,2,36
48049,48049,27,7,101,12019,330000532,22871324,True,2828,12132120,rule covers only subresidues after lifting,12132120,101,2,99
48409,48409,95,4,376,12126,587007534,6244761,True,376,5645640,rule covers only subresidues after lifting,5645640,47,2,45
48721,48721,23,9,83,12186,263872936,28612728,True,2988,29909880,rule covers only subresidues after lifting,29909880,249,2,247
48889,48889,71,12,272,12240,199467120,8800020,True,816,4084080,rule covers only subresidues after lifting,4084080,34,2,32
49009,49009,11,1,43,12255,2402421180,55870260,True,172,5165160,rule covers only subresidues after lifting,5165160,43,2,41
49561,49561,11,17,27,12393,144519876,90993996,True,1836,18378360,rule covers only subresidues after lifting,18378360,153,2,151
49681,49681,11,3,41,12423,822916084,60213372,True,492,4924920,rule covers only subresidues after lifting,4924920,41,2,39
49729,49729,223,446,446,12488,5569648,5569648,True,892,26786760,rule covers only subresidues after lifting,26786760,223,1,222
49921,49921,11,6,38,12483,415442562,65596194,True,228,2282280,rule covers only subresidues after lifting,2282280,19,2,17
50521,50521,11,6,38,12633,425487862,67182294,True,228,2282280,rule covers only subresidues after lifting,2282280,19,2,17
50569,50569,23,24,68,12648,106599452,37623336,True,408,2042040,rule covers only subresidues after lifting,2042040,17,2,15
51241,51241,23,3,89,12816,875606208,29514816,True,1068,10690680,rule covers only subresidues after lifting,10690680,89,2,87
51529,51529,59,9,227,12897,295364228,11710476,True,8172,81801720,rule covers only subresidues after lifting,81801720,681,2,679
51769,51769,31,50,74,12950,53632684,36238300,True,3700,22222200,rule covers only subresidues after lifting,22222200,185,2,183
52081,52081,15,16,44,13024,169575736,61663904,True,176,240240,rule covers only subresidues after lifting,240240,2,1,1
52441,52441,59,7,229,13125,393307500,12022500,True,6412,27507480,rule covers only subresidues after lifting,27507480,229,2,227
53089,53089,47,24,164,13284,117539046,17200836,True,984,4924920,rule covers only subresidues after lifting,4924920,41,2,39
53881,53881,59,62,174,13485,46876470,16703110,True,10788,107987880,rule covers only subresidues after lifting,107987880,899,4,895
53929,53929,11,15,29,13485,193928684,100307940,True,1740,3483480,rule covers only subresidues after lifting,3483480,29,2,27
54121,54121,59,21,215,13545,139632180,13638492,True,18060,5165160,rule covers only subresidues after lifting,5165160,43,2,41
54289,54289,59,3,233,13587,983499524,12663084,True,2796,27987960,rule covers only subresidues after lifting,27987960,233,2,231
54721,54721,15,16,44,13684,187200541,68072924,True,176,240240,rule covers only subresidues after lifting,240240,2,1,1
54961,54961,11,17,27,13743,177724476,111900596,True,1836,18378360,rule covers only subresidues after lifting,18378360,153,2,151
55441,55441,35,2,138,13869,1537822458,22287282,True,276,2762760,rule covers only subresidues after lifting,2762760,23,2,21
55801,55801,11,3,41,13953,1038121804,75960132,True,492,4924920,rule covers only subresidues after lifting,4924920,41,2,39
55969,55969,43,38,134,14003,82498306,23395042,True,5092,152912760,rule covers only subresidues after lifting,152912760,1273,4,1269
56281,56281,23,23,69,14076,137775888,45925296,True,276,2762760,rule covers only subresidues after lifting,2762760,23,1,22
56401,56401,19,14,62,14105,227296030,51324910,True,868,3723720,rule covers only subresidues after lifting,3723720,31,2,29
56809,56809,31,8,116,14210,403627945,27836410,True,232,3483480,rule covers only subresidues after lifting,3483480,29,2,27
57121,57121,67,29,239,14297,112642612,13667932,True,27724,832551720,rule covers only subresidues after lifting,832551720,6931,4,6927
57481,57481,47,47,141,14382,70356744,23452248,True,564,5645640,rule covers only subresidues after lifting,5645640,47,1,46
57961,57961,39,40,116,14500,84043450,28980500,True,1160,3483480,rule covers only subresidues after lifting,3483480,29,2,27
58081,58081,131,42,482,14553,80500266,7014546,True,20244,28948920,rule covers only subresidues after lifting,28948920,241,2,239
58249,58249,19,14,62,14567,242432338,54742786,True,868,3723720,rule covers only subresidues after lifting,3723720,31,2,29
58801,58801,23,6,86,14706,576485004,40219884,True,516,5165160,rule covers only subresidues after lifting,5165160,43,2,41
58969,58969,55,2,218,14756,1740293128,15965992,True,436,13093080,rule covers only subresidues after lifting,13093080,109,2,107
59929,59929,15,1,59,14986,3592383976,60887864,True,236,7087080,rule covers only subresidues after lifting,7087080,59,2,57
60481,60481,31,2,122,15128,1829913136,29998576,True,244,7327320,rule covers only subresidues after lifting,7327320,61,2,59
60601,60601,79,20,296,15170,183863434,12423205,True,1480,4444440,rule covers only subresidues after lifting,4444440,37,2,35
61681,61681,31,8,116,15428,475807234,32814292,True,232,3483480,rule covers only subresidues after lifting,3483480,29,2,27
62449,62449,31,44,80,15620,88677580,48772669,True,880,240240,rule covers only subresidues after lifting,240240,2,1,1
63001,63001,63,1,251,15766,3973095064,15829064,True,1004,30150120,rule covers only subresidues after lifting,30150120,251,2,249
63361,63361,27,2,106,15847,2008163534,37889878,True,212,6366360,rule covers only subresidues after lifting,6366360,53,2,51
64201,64201,11,6,38,16053,687079102,108486174,True,228,2282280,rule covers only subresidues after lifting,2282280,19,2,17
64849,64849,23,24,68,16218,175286847,61865946,True,408,2042040,rule covers only subresidues after lifting,2042040,17,2,15
65041,65041,11,18,26,16263,235058174,162732582,True,468,360360,rule covers only subresidues after lifting,360360,3,1,2
65209,65209,27,47,61,16309,90510092,69737284,True,11468,344384040,rule covers only subresidues after lifting,344384040,2867,4,2863
65521,65521,11,1,43,16383,4293722172,99854004,True,172,5165160,rule covers only subresidues after lifting,5165160,43,2,41
65641,65641,11,3,41,16413,1436487644,105108852,True,492,4924920,rule covers only subresidues after lifting,4924920,41,2,39
65809,65809,15,16,44,16456,270738226,98450264,True,176,240240,rule covers only subresidues after lifting,240240,2,1,1
65881,65881,11,6,38,16473,723505142,114237654,True,228,2282280,rule covers only subresidues after lifting,2282280,19,2,17
66049,66049,131,10,514,16545,437112282,8504130,True,5140,30870840,rule covers only subresidues after lifting,30870840,257,2,255
66361,66361,155,138,482,16629,31986002,9157818,True,66516,665825160,rule covers only subresidues after lifting,665825160,5543,4,5539
66721,66721,19,5,71,16685,890591908,62717740,True,1420,8528520,rule covers only subresidues after lifting,8528520,71,2,69
66889,66889,23,24,68,16728,186486532,65818776,True,408,2042040,rule covers only subresidues after lifting,2042040,17,2,15
67201,67201,15,1,59,16804,4516982416,76559024,True,236,7087080,rule covers only subresidues after lifting,7087080,59,2,57
67321,67321,19,2,74,16835,2266698070,61262110,True,148,4444440,rule covers only subresidues after lifting,4444440,37,2,35
67369,67369,35,3,137,16851,1513646692,33145548,True,1644,16456440,rule covers only subresidues after lifting,16456440,137,2,135
68041,68041,27,17,91,17017,272436164,50894668,True,6188,2042040,rule covers only subresidues after lifting,2042040,17,2,15
68161,68161,11,6,38,17043,774445282,122280834,True,228,2282280,rule covers only subresidues after lifting,2282280,19,2,17
68401,68401,39,10,146,17110,468136444,32064140,True,1460,8768760,rule covers only subresidues after lifting,8768760,73,2,71
69001,69001,79,2,314,17270,2383294540,15180220,True,628,18858840,rule covers only subresidues after lifting,18858840,157,2,155
69169,69169,95,117,263,17316,40948048,18216432,True,123084,94774680,rule covers only subresidues after lifting,94774680,789,2,787
69721,69721,11,18,26,17433,270099154,186991722,True,468,360360,rule covers only subresidues after lifting,360360,3,1,2
70009,70009,215,24,836,17556,204846334,5880756,True,5016,2282280,rule covers only subresidues after lifting,2282280,19,2,17
70249,70249,47,87,101,17574,56761192,48893304,True,35148,351831480,rule covers only subresidues after lifting,351831480,2929,4,2925
70561,70561,11,3,41,17643,1659876964,121454412,True,492,4924920,rule covers only subresidues after lifting,4924920,41,2,39
70849,70849,75,2,298,17731,2512447238,16862062,True,596,17897880,rule covers only subresidues after lifting,17897880,149,2,147
71089,71089,15,16,44,17776,315919516,114879824,True,176,240240,rule covers only subresidues after lifting,240240,2,1,1
71569,71569,107,66,362,17919,77723934,14170662,True,23892,21741720,rule covers only subresidues after lifting,21741720,181,2,179
72361,72361,135,2,538,18124,2622941528,9750712,True,1076,32312280,rule covers only subresidues after lifting,32312280,269,2,267
72409,72409,11,6,38,18105,873976630,137996310,True,228,2282280,rule covers only subresidues after lifting,2282280,19,2,17
72601,72601,15,2,58,18154,2635997108,90896452,True,116,3483480,rule covers only subresidues after lifting,3483480,29,2,27
73441,73441,271,542,542,18428,9987976,9987976,True,1084,32552520,rule covers only subresidues after lifting,32552520,271,1,270
73921,73921,15,2,58,18484,2732711528,94231432,True,116,3483480,rule covers only subresidues after lifting,3483480,29,2,27
74281,74281,11,3,41,18573,1839494684,134597172,True,492,4924920,rule covers only subresidues after lifting,4924920,41,2,39
74881,74881,55,68,152,18734,82518862,36916333,True,2584,38798760,rule covers only subresidues after lifting,38798760,323,4,319
75121,75121,11,1,43,18783,5643990972,131255604,True,172,5165160,rule covers only subresidues after lifting,5165160,43,2,41
75769,75769,11,10,34,18945,574177482,168875730,True,340,2042040,rule covers only subresidues after lifting,2042040,17,2,15
75961,75961,19,2,74,18995,2885758390,77993470,True,148,4444440,rule covers only subresidues after lifting,4444440,37,2,35
76129,76129,31,5,119,19040,1159596928,48722560,True,2380,2042040,rule covers only subresidues after lifting,2042040,17,2,15
76441,76441,119,12,464,19140,487693580,12612765,True,1392,6966960,rule covers only subresidues after lifting,6966960,58,2,56
76561,76561,47,36,152,19152,162921808,38586744,True,1368,6846840,rule covers only subresidues after lifting,6846840,57,2,55
76729,76729,139,2,554,19217,2949002386,10646218,True,1108,33273240,rule covers only subresidues after lifting,33273240,277,2,275
77281,77281,11,6,38,19323,995533842,157189554,True,228,2282280,rule covers only subresidues after lifting,2282280,19,2,17
77401,77401,15,2,58,19354,2996037908,103311652,True,116,3483480,rule covers only subresidues after lifting,3483480,29,2,27
77641,77641,59,14,222,19425,430907550,27174350,True,3108,4444440,rule covers only subresidues after lifting,4444440,37,2,35
78241,78241,39,4,152,19570,1531176370,40294115,True,152,2282280,rule covers only subresidues after lifting,2282280,19,2,17
78289,78289,11,15,29,19575,408668580,211380300,True,1740,3483480,rule covers only subresidues after lifting,3483480,29,2,27
78961,78961,71,3,281,19758,2080148584,22207992,True,3372,33753720,rule covers only subresidues after lifting,33753720,281,2,279
79081,79081,11,13,31,19773,481128804,201763692,True,1612,3723720,rule covers only subresidues after lifting,3723720,31,2,29
79249,79249,11,1,43,19815,6281275740,146076180,True,172,5165160,rule covers only subresidues after lifting,5165160,43,2,41
79801,79801,71,128,156,19968,49795824,40858112,True,4992,1921920,rule covers only subresidues after lifting,1921920,16,1,15
80089,80089,71,1,283,20040,6419934240,22685280,True,1132,33993960,rule covers only subresidues after lifting,33993960,283,2,281
80161,80161,11,6,38,20043,1071111282,169122834,True,228,2282280,rule covers only subresidues after lifting,2282280,19,2,17
80809,80809,87,32,316,20224,204285152,20687104,True,2528,37957920,rule covers only subresidues after lifting,37957920,316,2,314
80929,80929,11,6,38,20235,1091732210,172378770,True,228,2282280,rule covers only subresidues after lifting,2282280,19,2,17
81481,81481,7,11,17,20372,603611248,390571984,True,748,2042040,rule covers only subresidues after lifting,2042040,17,2,15
81649,81649,15,2,58,20416,3333891968,114961792,True,116,3483480,rule covers only subresidues after lifting,3483480,29,2,27
82009,82009,119,4,472,20532,1683808788,14269566,True,472,7087080,rule covers only subresidues after lifting,7087080,59,2,57
82441,82441,11,6,38,20613,1132904222,178879614,True,228,2282280,rule covers only subresidues after lifting,2282280,19,2,17
82681,82681,23,3,89,20676,2279349808,76832016,True,1068,10690680,rule covers only subresidues after lifting,10690680,89,2,87
83329,83329,23,23,69,20838,301984296,100661432,True,276,2762760,rule covers only subresidues after lifting,2762760,23,1,22
83521,83521,23,24,68,20886,290736601,102612918,True,408,2042040,rule covers only subresidues after lifting,2042040,17,2,15
84001,84001,15,1,59,21004,7057428016,119617424,True,236,7087080,rule covers only subresidues after lifting,7087080,59,2,57
84289,84289,15,16,44,21076,444118741,161497724,True,176,240240,rule covers only subresidues after lifting,240240,2,1,1
84361,84361,15,2,58,21094,3559021868,122724892,True,116,3483480,rule covers only subresidues after lifting,3483480,29,2,27
84529,84529,35,3,137,21141,2382703452,52175988,True,1644,16456440,rule covers only subresidues after lifting,16456440,137,2,135
84841,84841,19,2,74,21215,3599803630,97291990,True,148,4444440,rule covers only subresidues after lifting,4444440,37,2,35
85201,85201,71,132,152,21318,55039846,47797761,True,5016,2282280,rule covers only subresidues after lifting,2282280,19,2,17
85801,85801,35,2,138,21459,3682407318,53368222,True,276,2762760,rule covers only subresidues after lifting,2762760,23,2,21
85849,85849,79,23,293,21482,320731864,25176904,True,26956,809488680,rule covers only subresidues after lifting,809488680,6739,4,6735
86641,86641,23,23,69,21666,326463288,108821096,True,276,2762760,rule covers only subresidues after lifting,2762760,23,1,22
86689,86689,11,10,34,21675,751593630,221056950,True,340,2042040,rule covers only subresidues after lifting,2042040,17,2,15
86881,86881,23,24,68,21726,314596101,111033918,True,408,2042040,rule covers only subresidues after lifting,2042040,17,2,15
87481,87481,63,4,248,21886,1914609166,30880793,True,248,3723720,rule covers only subresidues after lifting,3723720,31,2,29
87649,87649,19,14,62,21917,548858038,123935686,True,868,3723720,rule covers only subresidues after lifting,3723720,31,2,29
88201,88201,35,54,86,22059,144120434,90494226,True,4644,46486440,rule covers only subresidues after lifting,46486440,387,2,385
88321,88321,87,4,344,22102,1952070742,22698497,True,344,5165160,rule covers only subresidues after lifting,5165160,43,2,41
88729,88729,11,10,34,22185,787381146,231582690,True,340,2042040,rule covers only subresidues after lifting,2042040,17,2,15
89041,89041,11,3,41,22263,2643093044,193397052,True,492,4924920,rule covers only subresidues after lifting,4924920,41,2,39
89569,89569,11,1,43,22395,8023591020,186595140,True,172,5165160,rule covers only subresidues after lifting,5165160,43,2,41
90169,90169,19,2,74,22547,4066080886,109894078,True,148,4444440,rule covers only subresidues after lifting,4444440,37,2,35
90721,90721,47,2,186,22692,4117281864,44271848,True,372,3723720,rule covers only subresidues after lifting,3723720,31,2,29
90841,90841,167,36,632,22752,229646048,13081104,True,5688,28468440,rule covers only subresidues after lifting,28468440,237,2,235
91081,91081,15,1,59,22774,8297114776,140629064,True,236,7087080,rule covers only subresidues after lifting,7087080,59,2,57
92401,92401,59,6,230,23115,1423899410,37145202,True,1380,2762760,rule covers only subresidues after lifting,2762760,23,2,21
92569,92569,131,9,515,23175,953460700,16662420,True,18540,37117080,rule covers only subresidues after lifting,37117080,309,2,307
92689,92689,15,1,59,23176,8592641056,145637984,True,236,7087080,rule covers only subresidues after lifting,7087080,59,2,57
92929,92929,11,6,38,23235,1439470210,227284770,True,228,2282280,rule covers only subresidues after lifting,2282280,19,2,17
93241,93241,11,6,38,23313,1449151622,228813414,True,228,2282280,rule covers only subresidues after lifting,2282280,19,2,17
93361,93361,23,3,89,23346,2906141208,97959816,True,1068,10690680,rule covers only subresidues after lifting,10690680,89,2,87
93601,93601,143,14,558,23436,626752296,15724968,True,7812,11171160,rule covers only subresidues after lifting,11171160,93,2,91
94249,94249,155,6,614,23601,1482913766,14491014,True,3684,36876840,rule covers only subresidues after lifting,36876840,307,2,305
94441,94441,47,2,186,23622,4461770604,47976028,True,372,3723720,rule covers only subresidues after lifting,3723720,31,2,29
94921,94921,23,6,86,23736,1502029904,104792784,True,516,5165160,rule covers only subresidues after lifting,5165160,43,2,41
95209,95209,11,6,38,23805,1510966830,238573710,True,228,2282280,rule covers only subresidues after lifting,2282280,19,2,17
95761,95761,11,1,43,23943,9171222492,213284244,True,172,5165160,rule covers only subresidues after lifting,5165160,43,2,41
96121,96121,11,6,38,24033,1540050662,243165894,True,228,2282280,rule covers only subresidues after lifting,2282280,19,2,17
96721,96721,79,5,311,24200,1872518560,30104800,True,6220,37357320,rule covers only subresidues after lifting,37357320,311,2,309
96769,96769,31,44,80,24200,212891800,117090490,True,880,240240,rule covers only subresidues after lifting,240240,2,1,1
97561,97561,19,35,41,24395,272000068,232195180,True,5740,4924920,rule covers only subresidues after lifting,4924920,41,2,39
97969,97969,123,179,313,24523,53687012,30702796,True,224108,6729963240,rule covers only subresidues after lifting,6729963240,56027,4,56023
98281,98281,15,2,58,24574,4830314588,166562572,True,116,3483480,rule covers only subresidues after lifting,3483480,29,2,27
98569,98569,23,13,79,24648,747547296,123014112,True,4108,9489480,rule covers only subresidues after lifting,9489480,79,2,77
98641,98641,59,1,235,24675,9735866700,41429220,True,940,5645640,rule covers only subresidues after lifting,5645640,47,2,45
98809,98809,59,22,214,24717,444047646,45649758,True,4708,12852840,rule covers only subresidues after lifting,12852840,107,2,105
99961,99961,31,8,116,24998,1249412539,86166382,True,232,3483480,rule covers only subresidues after lifting,3483480,29,2,27
100129,100129,15,16,44,25036,626707411,227893604,True,176,240240,rule covers only subresidues after lifting,240240,2,1,1
100489,100489,91,47,317,25145,215046460,31883860,True,59596,1789667880,rule covers only subresidues after lifting,1789667880,14899,4,14895
100921,100921,11,1,43,25233,10186158372,236887404,True,172,5165160,rule covers only subresidues after lifting,5165160,43,2,41
101161,101161,23,24,68,25296,426494776,150527568,True,408,2042040,rule covers only subresidues after lifting,2042040,17,2,15
101641,101641,11,1,43,25413,10332010932,240279324,True,172,5165160,rule covers only subresidues after lifting,5165160,43,2,41
101929,101929,63,8,244,25498,1299492821,42606322,True,488,7327320,rule covers only subresidues after lifting,7327320,61,2,59
102001,102001,2171,3,8681,26043,3541882724,1224012,True,104172,1042761720,rule covers only subresidues after lifting,1042761720,8681,2,8679
102481,102481,11,18,26,25623,583526814,403980102,True,468,360360,rule covers only subresidues after lifting,360360,3,1,2
103009,103009,11,10,34,25755,1061198718,312117270,True,340,2042040,rule covers only subresidues after lifting,2042040,17,2,15
103321,103321,39,4,152,25840,2669814640,70258280,True,152,2282280,rule covers only subresidues after lifting,2282280,19,2,17
103489,103489,19,2,74,25877,5355969706,144755938,True,148,4444440,rule covers only subresidues after lifting,4444440,37,2,35
103849,103849,11,15,29,25965,719050476,371922660,True,1740,3483480,rule covers only subresidues after lifting,3483480,29,2,27
104161,104161,95,18,362,26064,603300512,29998368,True,6516,65225160,rule covers only subresidues after lifting,65225160,543,2,541
104281,104281,47,4,184,26082,2719857042,59127327,True,184,2762760,rule covers only subresidues after lifting,2762760,23,2,21
104329,104329,11,6,38,26085,1814281310,286465470,True,228,2282280,rule covers only subresidues after lifting,2282280,19,2,17
105121,105121,19,14,62,26285,789458710,178264870,True,868,3723720,rule covers only subresidues after lifting,3723720,31,2,29
105169,105169,27,17,91,26299,650785772,121575364,True,6188,2042040,rule covers only subresidues after lifting,2042040,17,2,15
105361,105361,39,1,155,26350,11105049400,71645480,True,620,3723720,rule covers only subresidues after lifting,3723720,31,2,29
106129,106129,11,15,29,26535,750968804,388432140,True,1740,3483480,rule covers only subresidues after lifting,3483480,29,2,27
106681,106681,23,16,76,26676,711455589,149780124,True,304,4564560,rule covers only subresidues after lifting,4564560,38,2,36
107881,107881,19,26,50,26975,447706150,232807198,True,1300,600600,rule covers only subresidues after lifting,600600,5,1,4
108529,108529,47,32,156,27144,368238897,75536184,True,1248,480480,rule covers only subresidues after lifting,480480,4,1,3
109201,109201,7,11,17,27302,1084147528,701507224,True,748,2042040,rule covers only subresidues after lifting,2042040,17,2,15
109321,109321,19,5,71,27335,2390631628,168354340,True,1420,8528520,rule covers only subresidues after lifting,8528520,71,2,69
109561,109561,83,1,331,27411,12012706284,36292164,True,1324,39759720,rule covers only subresidues after lifting,39759720,331,2,329
109729,109729,23,24,68,27438,501790717,177102606,True,408,2042040,rule covers only subresidues after lifting,2042040,17,2,15
110161,110161,15,16,44,27544,758568646,275843144,True,176,240240,rule covers only subresidues after lifting,240240,2,1,1
110401,110401,23,6,86,27606,2031820004,141754884,True,516,5165160,rule covers only subresidues after lifting,5165160,43,2,41
110881,110881,15,2,58,27724,6148129688,212004472,True,116,3483480,rule covers only subresidues after lifting,3483480,29,2,27
111049,111049,23,3,89,27768,4111478176,138589152,True,1068,10690680,rule covers only subresidues after lifting,10690680,89,2,87
111409,111409,47,16,172,27864,776075094,72193032,True,688,10330320,rule covers only subresidues after lifting,10330320,86,2,84
111721,111721,19,2,74,27935,6241852270,168698710,True,148,4444440,rule covers only subresidues after lifting,4444440,37,2,35
111841,111841,11,18,26,27963,694979974,481139982,True,468,360360,rule covers only subresidues after lifting,360360,3,1,2
112081,112081,11,6,38,28023,2093897242,330615354,True,228,2282280,rule covers only subresidues after lifting,2282280,19,2,17
112561,112561,31,62,62,28148,204410776,204410776,True,124,3723720,rule covers only subresidues after lifting,3723720,31,1,30
112921,112921,119,5,471,28260,2552917968,27101040,True,9420,18858840,rule covers only subresidues after lifting,18858840,157,2,155
113401,113401,23,24,68,28356,535933126,189152868,True,408,2042040,rule covers only subresidues after lifting,2042040,17,2,15
113569,113569,171,10,674,28435,1291733806,19165190,True,6740,40480440,rule covers only subresidues after lifting,40480440,337,2,335
113689,113689,7,11,17,28424,1175089504,760352032,True,748,2042040,rule covers only subresidues after lifting,2042040,17,2,15
114241,114241,15,23,37,28564,567509552,352776208,True,3404,102222120,rule covers only subresidues after lifting,102222120,851,4,847
114409,114409,51,10,194,28615,1309525414,67501310,True,1940,11651640,rule covers only subresidues after lifting,11651640,97,2,95
115201,115201,59,10,226,28815,1327806726,58752510,True,2260,13573560,rule covers only subresidues after lifting,13573560,113,2,111
115249,115249,11,10,34,28815,1328359974,390694110,True,340,2042040,rule covers only subresidues after lifting,2042040,17,2,15
116761,116761,15,1,59,29194,13634882536,231099704,True,236,7087080,rule covers only subresidues after lifting,7087080,59,2,57
117049,117049,19,2,74,29267,6851346166,185171518,True,148,4444440,rule covers only subresidues after lifting,4444440,37,2,35
117121,117121,11,1,43,29283,13718616972,319037604,True,172,5165160,rule covers only subresidues after lifting,5165160,43,2,41
117289,117289,11,10,34,29325,1375799970,404647050,True,340,2042040,rule covers only subresidues after lifting,2042040,17,2,15
118561,118561,11,3,41,29643,4686004964,342878412,True,492,4924920,rule covers only subresidues after lifting,4924920,41,2,39
118609,118609,11,10,34,29655,1406939958,413805870,True,340,2042040,rule covers only subresidues after lifting,2042040,17,2,15
118801,118801,63,68,184,29716,207664148,76745446,True,3128,46966920,rule covers only subresidues after lifting,46966920,391,4,387
119401,119401,15,1,59,29854,14258389816,241667624,True,236,7087080,rule covers only subresidues after lifting,7087080,59,2,57
119641,119641,39,20,136,29920,715931744,105284080,True,680,2042040,rule covers only subresidues after lifting,2042040,17,2,15
